energy,intensity,line_id,technique,material
20.0,0.007940758749924575,1,AES,Gold
21.21152906692721,-0.0029377902759658765,1,AES,Gold
22.423058133854422,-0.00690816965092817,1,AES,Gold
23.63458720078163,0.007163004716253115,1,AES,Gold
24.846116267708844,0.00348093590069587,1,AES,Gold
26.057645334636053,-0.007163004716253146,1,AES,Gold
27.269174401563262,-0.0010199881975783327,1,AES,Gold
28.480703468490475,-1.4433071077449946e-17,1,AES,Gold
29.692232535417684,-0.00246094770311759,1,AES,Gold
30.903761602344893,0.001097494191640004,1,AES,Gold
32.115290669272106,-1.2873261512190596e-17,1,AES,Gold
33.32681973619931,-0.001097494191640015,1,AES,Gold
34.538348803126524,0.0,1,AES,Gold
35.74987787005374,0.0,1,AES,Gold
36.96140693698095,0.011431683390240258,1,AES,Gold
38.17293600390816,-1.3409004888419504e-16,1,AES,Gold
39.38446507083537,-0.011431683390240324,1,AES,Gold
40.595994137762574,0.006647900106346692,1,AES,Gold
41.80752320468979,0.0,1,AES,Gold
43.019052271617,-0.006341605195420288,1,AES,Gold
44.23058133854421,0.0,1,AES,Gold
45.442110405471425,-0.00030629491092642373,1,AES,Gold
46.65363947239863,0.0005031234710285062,1,AES,Gold
47.86516853932584,-5.901479993978436e-18,1,AES,Gold
49.07669760625305,0.01120728837653218,1,AES,Gold
50.28822667318026,0.010006318104861231,1,AES,Gold
51.499755740107474,-0.011710411847560725,1,AES,Gold
52.71128480703469,-0.0100063181048612,1,AES,Gold
53.92281387396189,0.008401576558373718,1,AES,Gold
55.134342940889105,0.0,1,AES,Gold
56.34587200781632,-0.008401576558373718,1,AES,Gold
57.557401074743524,0.003730905060336728,1,AES,Gold
58.76893014167074,0.010006318104861231,1,AES,Gold
59.98045920859795,-0.002783540081163994,1,AES,Gold
61.191988275525155,-0.010006318104861306,1,AES,Gold
62.40351734245237,-0.0009473649791728423,1,AES,Gold
63.61504640937958,0.0008929245932726936,1,AES,Gold
64.82657547630679,0.0033495419637934684,1,AES,Gold
66.038104543234,-0.00011563112508007991,1,AES,Gold
67.24963361016121,-0.003349541963793468,1,AES,Gold
68.46116267708842,-0.0007772934681926015,1,AES,Gold
69.67269174401562,0.0,1,AES,Gold
70.88422081094285,0.0,1,AES,Gold
72.09574987787005,0.0,1,AES,Gold
73.30727894479726,0.0047949025094690635,1,AES,Gold
74.51880801172447,0.0015585862808356879,1,AES,Gold
75.73033707865169,-0.0047949025094690635,1,AES,Gold
76.9418661455789,-8.860390832616117e-05,1,AES,Gold
78.1533952125061,6.896972264189307e-17,1,AES,Gold
79.36492427943332,-0.0014699823725094574,1,AES,Gold
80.57645334636052,0.002774445659738133,1,AES,Gold
81.78798241328774,0.004676414964198757,1,AES,Gold
82.99951148021495,0.0014496613256391358,1,AES,Gold
84.21104054714216,-0.004676414964198757,1,AES,Gold
85.42256961406937,-0.004224106985377261,1,AES,Gold
86.63409868099657,0.0015025470273324298,1,AES,Gold
87.84562774792379,0.0044248845234010235,1,AES,Gold
89.057156814851,-0.0015025470273324385,1,AES,Gold
90.26868588177821,-0.0044248845234010235,1,AES,Gold
91.48021494870542,0.0,1,AES,Gold
92.69174401563264,0.0,1,AES,Gold
93.90327308255983,0.0036854604020023,1,AES,Gold
95.11480214948705,0.00615164316400433,1,AES,Gold
96.32633121641426,-0.003685460402002321,1,AES,Gold
97.53786028334147,-0.001599811510962575,1,AES,Gold
98.74938935026869,0.00164031125352219,1,AES,Gold
99.9609184171959,-0.004551831653041755,1,AES,Gold
101.17244748412311,-1.0904966552589888e-06,1,AES,Gold
102.38397655105031,0.006976237193101687,1,AES,Gold
103.59550561797752,-0.0016392207568668928,1,AES,Gold
104.80703468490474,0.00012068462503232823,1,AES,Gold
106.01856375183195,0.0,1,AES,Gold
107.23009281875916,-0.0033689305953370874,1,AES,Gold
108.44162188568637,0.000394828710990403,1,AES,Gold
109.65315095261357,-0.0037279912227969852,1,AES,Gold
110.86468001954078,8.186836019586952e-05,1,AES,Gold
112.076209086468,0.05671444093276914,1,AES,Gold
113.28773815339521,0.7544937645972546,1,AES,Gold
114.49926722032242,-0.05671444093276914,1,AES,Gold
115.71079628724964,-0.7449641435635797,1,AES,Gold
116.92232535417685,-2.347419252316184e-16,1,AES,Gold
118.13385442110405,-0.010006318104861404,1,AES,Gold
119.34538348803126,0.0,1,AES,Gold
120.55691255495847,0.004152087433675822,1,AES,Gold
121.76844162188569,0.0014911516205047828,1,AES,Gold
122.9799706888129,0.005854230671185408,1,AES,Gold
124.19149975574011,0.0008369304517702979,1,AES,Gold
125.40302882266731,-0.009565993066339618,1,AES,Gold
126.61455788959452,0.002065504762525578,1,AES,Gold
127.82608695652173,-0.00044032503852173434,1,AES,Gold
129.03761602344895,-0.004393586834800818,1,AES,Gold
130.24914509037615,0.0,1,AES,Gold
131.46067415730337,0.0,1,AES,Gold
132.67220322423057,0.001343144458025558,1,AES,Gold
133.8837322911578,0.0011840963595691405,1,AES,Gold
135.095261358085,-0.0013199508050317646,1,AES,Gold
136.3067904250122,-0.0011840963595692025,1,AES,Gold
137.51831949193942,-2.3193652993839593e-05,1,AES,Gold
138.72984855886665,0.0,1,AES,Gold
139.94137762579385,0.0,1,AES,Gold
141.15290669272105,0.010006318104861345,1,AES,Gold
142.36443575964825,4.694838504632311e-16,1,AES,Gold
143.57596482657547,-0.008173621355855358,1,AES,Gold
144.7874938935027,0.008555375420861459,1,AES,Gold
145.9990229604299,-0.001040845464373299,1,AES,Gold
147.2105520273571,-0.007387176527524124,1,AES,Gold
148.42208109428432,-0.0007918512846325251,1,AES,Gold
149.63361016121152,-0.0011681988933374395,1,AES,Gold
150.84513922813875,0.0,1,AES,Gold
152.05666829506595,0.00027319261446714997,1,AES,Gold
153.26819736199315,0.011172791086637705,1,AES,Gold
154.47972642892037,-0.00027319261446766453,1,AES,Gold
155.69125549584757,-0.009805030507380748,1,AES,Gold
156.9027845627748,-6.417360476973735e-17,1,AES,Gold
158.114313629702,-0.0013677605792575352,1,AES,Gold
159.32584269662922,0.015189941952026628,1,AES,Gold
160.53737176355642,0.003410623195652968,1,AES,Gold
161.74890083048362,-0.0015956555177952484,1,AES,Gold
162.96042989741085,0.00659569490920798,1,AES,Gold
164.17195896433805,-0.007231482025289416,1,AES,Gold
165.38348803126527,-0.010006318104861293,1,AES,Gold
166.59501709819247,-0.0037009338305253295,1,AES,Gold
167.80654616511967,0.009935484200955344,1,AES,Gold
169.0180752320469,-0.0026618705784172384,1,AES,Gold
170.2296042989741,-0.009935484200955686,1,AES,Gold
171.44113336590132,0.00045199937025239517,1,AES,Gold
172.65266243282852,2.1207241517731867e-17,1,AES,Gold
173.86419149975575,-0.0004519993702523739,1,AES,Gold
175.07572056668295,0.0003109884285849914,1,AES,Gold
176.28724963361014,1.4591185626075442e-17,1,AES,Gold
177.49877870053737,0.00183713548537384,1,AES,Gold
178.71030776746457,1.0078727018558004e-16,1,AES,Gold
179.9218368343918,0.004882079579835,1,AES,Gold
181.133365901319,3.29848298966509e-16,1,AES,Gold
182.34489496824622,-0.007030203493793389,1,AES,Gold
183.55642403517342,0.0036899571783805957,1,AES,Gold
184.76795310210062,1.7312814623681873e-16,1,AES,Gold
185.97948216902785,-0.0026582427898390075,1,AES,Gold
187.19101123595505,0.005928947398221748,1,AES,Gold
188.40254030288227,-0.0010317143885416888,1,AES,Gold
189.61406936980947,-0.0050914838300061185,1,AES,Gold
190.82559843673667,0.0011787782258317187,1,AES,Gold
192.0371275036639,0.002708734172090804,1,AES,Gold
193.2486565705911,-0.0011787782258315682,1,AES,Gold
194.46018563751832,0.0064601203645550135,1,AES,Gold
195.67171470444552,0.0023674262641554234,1,AES,Gold
196.88324377137275,-0.008659252912548336,1,AES,Gold
198.09477283829995,-0.0012312390126358475,1,AES,Gold
199.30630190522714,0.0002243570594544743,1,AES,Gold
200.51783097215437,-0.0011361872515192229,1,AES,Gold
201.72936003908157,-0.0005179642809383367,1,AES,Gold
202.9408891060088,0.0013293202080353604,1,AES,Gold
204.152418172936,-0.0010534579708289147,1,AES,Gold
205.36394723986322,0.007133473084647707,1,AES,Gold
206.57547630679042,0.0021492147314652295,1,AES,Gold
207.78700537371762,-0.008462793292682954,1,AES,Gold
208.99853444064485,0.0008287857944527085,1,AES,Gold
210.21006350757204,1.3972403624767658e-16,1,AES,Gold
211.42159257449927,0.0005920634156455414,1,AES,Gold
212.63312164142647,0.005255166064488717,1,AES,Gold
213.8446507083537,0.006436254163298122,1,AES,Gold
215.0561797752809,-0.0008854777681803635,1,AES,Gold
216.2677088422081,-0.008134023441728467,1,AES,Gold
217.47923790913532,0.009365336126828924,1,AES,Gold
218.69076697606252,0.026743828642874744,1,AES,Gold
219.90229604298975,-0.003728706318276461,1,AES,Gold
221.11382510991695,-0.028616123306007983,1,AES,Gold
222.32535417684414,-0.010006318104861465,1,AES,Gold
223.53688324377137,0.0,1,AES,Gold
224.74841231069857,0.0,1,AES,Gold
225.9599413776258,0.001547399552849756,1,AES,Gold
227.171470444553,0.011261334199641138,1,AES,Gold
228.38299951148022,0.0022045441091235905,1,AES,Gold
229.59452857840742,-0.011202360126022548,1,AES,Gold
230.80605764533462,0.012847324644198124,1,AES,Gold
232.01758671226185,-5.8974073619688784e-05,1,AES,Gold
233.22911577918904,0.0057452124439977765,1,AES,Gold
234.44064484611627,0.002837906404277022,1,AES,Gold
235.65217391304347,-0.02234448075017139,1,AES,Gold
236.8637029799707,-0.002837906404277937,1,AES,Gold
238.0752320468979,0.0021884018112774974,1,AES,Gold
239.2867611138251,1.0267705842972553e-16,1,AES,Gold
240.49829018075232,0.0010501667061301669,1,AES,Gold
241.70981924767952,0.0021465145821019473,1,AES,Gold
242.92134831460675,-0.0032385685174075368,1,AES,Gold
244.13287738153394,-0.002146514582101871,1,AES,Gold
245.34440644846114,0.0,1,AES,Gold
246.55593551538837,0.0,1,AES,Gold
247.76746458231557,0.003884459740001183,1,AES,Gold
248.9789936492428,0.0009710879267605026,1,AES,Gold
250.19052271617,0.006121858364859674,1,AES,Gold
251.40205178309722,-0.0001855726520268642,1,AES,Gold
252.61358085002442,-0.008258592794409629,1,AES,Gold
253.82510991695162,-0.0007855152747341625,1,AES,Gold
255.03663898387885,-0.0010504578819698488,1,AES,Gold
256.24816805080604,0.00026402351897192723,1,AES,Gold
257.4596971177333,-0.0006972674284817832,1,AES,Gold
258.67122618466044,0.001358830933844118,1,AES,Gold
259.8827552515877,0.002543610441691313,1,AES,Gold
261.0942843185149,0.0032896570761102428,1,AES,Gold
262.3058133854421,0.002236232398108606,1,AES,Gold
263.51734245236935,-0.004912511528926854,1,AES,Gold
264.7288715192965,-0.0047798428398003944,1,AES,Gold
265.94040058622375,0.002336100626733535,1,AES,Gold
267.15192965315094,0.0023304339689938173,1,AES,Gold
268.36345872007814,0.01000637443549087,1,AES,Gold
269.5749877870054,0.01514481291794935,1,AES,Gold
270.78651685393254,-0.009753025824980575,1,AES,Gold
271.9980459208598,-0.012324540182719569,1,AES,Gold
273.209574987787,0.001737718744243235,1,AES,Gold
274.4211040547142,-0.002196121635376166,1,AES,Gold
275.63263312164145,0.005679150123375771,1,AES,Gold
276.84416218856865,0.0004879529174838923,1,AES,Gold
278.05569125549584,-0.010006318104861345,1,AES,Gold
279.26722032242304,-0.0034425379863306004,1,AES,Gold
280.47874938935024,0.0,1,AES,Gold
281.6902784562775,0.0003713653035262301,1,AES,Gold
282.9018075232047,0.010498844783165723,1,AES,Gold
284.1133365901319,-0.0003713653035262214,1,AES,Gold
285.3248656570591,-0.007386100932584646,1,AES,Gold
286.5363947239863,2.9209204687716957e-16,1,AES,Gold
287.74792379091355,-0.0031127438505808604,1,AES,Gold
288.95945285784074,0.0049392698597990085,1,AES,Gold
290.17098192476794,0.0002915617676226305,1,AES,Gold
291.38251099169514,-0.0049392698597990085,1,AES,Gold
292.59404005862234,-0.00029156176762263735,1,AES,Gold
293.8055691255496,0.003082524301330606,1,AES,Gold
295.0170981924768,0.0,1,AES,Gold
296.228627259404,-0.002100709891756458,1,AES,Gold
297.4401563263312,0.010213023180296973,1,AES,Gold
298.65168539325845,-0.000981814409574965,1,AES,Gold
299.86321446018565,-0.0004885063372105819,1,AES,Gold
301.07474352711284,0.002875334408382202,1,AES,Gold
302.28627259404004,-0.009724516843087018,1,AES,Gold
303.49780166096724,-0.002029613601823361,1,AES,Gold
304.7093307278945,-7.936031145907017e-17,1,AES,Gold
305.9208597948217,0.0030207523739255674,1,AES,Gold
307.1323888617489,0.010006318104861345,1,AES,Gold
308.3439179286761,-0.0038664731804845353,1,AES,Gold
309.5554469956033,-0.007715793214571579,1,AES,Gold
310.76697606253055,0.0039268985649465,1,AES,Gold
311.97850512945774,-0.002290524890290164,1,AES,Gold
313.19003419638494,-0.003926898564946622,1,AES,Gold
314.40156326331214,0.0,1,AES,Gold
315.61309233023934,0.0,1,AES,Gold
316.8246213971666,0.008007759894856192,1,AES,Gold
318.0361504640938,0.0018369189238611778,1,AES,Gold
319.247679531021,-0.008007759894856003,1,AES,Gold
320.4592085979482,0.0023263258212809063,1,AES,Gold
321.67073766487545,0.009625691166230316,1,AES,Gold
322.88226673180264,0.010526136629009405,1,AES,Gold
324.09379579872984,-0.009625691166230483,1,AES,Gold
325.30532486565704,-0.014689381374151824,1,AES,Gold
326.51685393258424,0.005746464597794696,1,AES,Gold
327.7283829995115,-5.39233771633289e-16,1,AES,Gold
328.9399120664387,-0.0037333852802017863,1,AES,Gold
330.1514411333659,0.0035135906469337466,1,AES,Gold
331.3629702002931,-0.002013079317593314,1,AES,Gold
332.5744992672203,-0.003513590646933829,1,AES,Gold
333.78602833414755,0.0,1,AES,Gold
334.99755740107474,0.0,1,AES,Gold
336.20908646800194,0.0,1,AES,Gold
337.42061553492914,0.0,1,AES,Gold
338.63214460185634,0.007404302798270828,1,AES,Gold
339.8436736687836,-6.948011349027956e-16,1,AES,Gold
341.0552027357108,-0.007404302798271347,1,AES,Gold
342.266731802638,0.0005930140399760174,1,AES,Gold
343.4782608695652,0.006537337631516581,1,AES,Gold
344.68978993649245,-0.0005930140399765892,1,AES,Gold
345.90131900341964,-0.0012614512147873854,1,AES,Gold
347.11284807034684,0.010052733295787628,1,AES,Gold
348.32437713727404,-0.005275886416729599,1,AES,Gold
349.53590620420124,-0.007956721071823568,1,AES,Gold
350.7474352711285,0.0009028963824298087,1,AES,Gold
351.9589643380557,-0.002096012223964446,1,AES,Gold
353.1704934049829,-0.0005862875890627851,1,AES,Gold
354.3820224719101,0.010006318104861345,1,AES,Gold
355.5935515388373,0.00019828398829465363,1,AES,Gold
356.80508060576454,-0.007003021083840483,1,AES,Gold
358.01660967269174,0.00667897356906008,1,AES,Gold
359.22813873961894,-0.0030032970210201373,1,AES,Gold
360.43966780654614,0.002481161595198529,1,AES,Gold
361.65119687347334,9.078802664054459e-16,1,AES,Gold
362.8627259404006,-0.009675027945918886,1,AES,Gold
364.0742550073278,0.0026684933679112536,1,AES,Gold
365.285784074255,0.0012745249114307334,1,AES,Gold
366.4973131411822,-0.002668493367911197,1,AES,Gold
367.70884220810944,-0.0012745249114306436,1,AES,Gold
368.92037127503664,0.0,1,AES,Gold
370.13190034196384,0.010006318104861345,1,AES,Gold
371.34342940889104,0.0038536312320546348,1,AES,Gold
372.55495847581824,-0.008386964725360409,1,AES,Gold
373.7664875427455,-0.0038536312320545155,1,AES,Gold
374.9780166096727,0.002461058131343361,1,AES,Gold
376.1895456765999,0.001393851351588909,1,AES,Gold
377.4010747435271,-0.00039342573303681406,1,AES,Gold
378.6126038104543,0.001462023626058743,1,AES,Gold
379.82413287738154,-0.0036869857778074806,1,AES,Gold
381.03566194430874,-0.0028558749776475397,1,AES,Gold
382.24719101123594,0.013395897751986957,1,AES,Gold
383.45872007816314,0.0027685217894814936,1,AES,Gold
384.67024914509034,-0.013395897751987011,1,AES,Gold
385.8817782120176,-0.00223634741011087,1,AES,Gold
387.0933072789448,0.0057952415180870945,1,AES,Gold
388.304836345872,-0.000532174379370416,1,AES,Gold
389.5163654127992,-0.0033137133268970045,1,AES,Gold
390.72789447972644,-2.3286035843035863e-16,1,AES,Gold
391.93942354665364,-0.002481528191190402,1,AES,Gold
393.15095261358084,0.004983839857179312,1,AES,Gold
394.36248168050804,0.013750247449035344,1,AES,Gold
395.57401074743524,-0.0012939170664253566,1,AES,Gold
396.7855398143625,-0.007828847394026417,1,AES,Gold
397.9970688812897,-0.0035946534165448873,1,AES,Gold
399.2085979482169,-0.002828192919350996,1,AES,Gold
400.4201270151441,-9.526937420815552e-05,1,AES,Gold
401.6316560820713,-0.0016228510893259575,1,AES,Gold
402.84318514899854,-1.3797450989453692e-16,1,AES,Gold
404.05471421592574,-0.0010304010587085582,1,AES,Gold
405.26624328285294,0.00269951746734409,1,AES,Gold
406.47777234978014,-0.00043995498762258863,1,AES,Gold
407.6893014167074,0.00679114761388394,1,AES,Gold
408.9008304836346,0.0,1,AES,Gold
410.1123595505618,0.0005156530236337284,1,AES,Gold
411.323888617489,0.005252967533802465,1,AES,Gold
412.5354176844162,-0.006415488829127358,1,AES,Gold
413.74694675134344,-0.002422080430334103,1,AES,Gold
414.95847581827064,0.00926554285737464,1,AES,Gold
416.17000488519784,-0.0028308871034682607,1,AES,Gold
417.38153395212504,-0.012856372133108623,1,AES,Gold
418.59306301905224,0.00034383485400012756,1,AES,Gold
419.8045920859795,-3.226459712509553e-17,1,AES,Gold
421.0161211529067,0.004079120165611156,1,AES,Gold
422.2276502198339,0.0,1,AES,Gold
423.4391792867611,-0.0044229550196113075,1,AES,Gold
424.6507083536883,0.0,1,AES,Gold
425.86223742061554,0.0018729774261079127,1,AES,Gold
427.07376648754274,0.010006318104861345,1,AES,Gold
428.28529555446994,-0.0018729774261078685,1,AES,Gold
429.49682462139714,-0.008900999918442096,1,AES,Gold
430.7083536883244,0.0011111211148652326,1,AES,Gold
431.9198827552516,-0.0011053181864195622,1,AES,Gold
433.1314118221788,0.008895196989996036,1,AES,Gold
434.342940889106,0.0010525337556641875,1,AES,Gold
435.5544699560332,-0.010006318104861483,1,AES,Gold
436.76599902296044,-0.0010525337556641136,1,AES,Gold
437.97752808988764,0.0,1,AES,Gold
439.18905715681484,0.0,1,AES,Gold
440.40058622374204,0.001410216746488204,1,AES,Gold
441.61211529066924,0.006691931218128551,1,AES,Gold
442.8236443575965,0.0024799618701040627,1,AES,Gold
444.0351734245237,-0.00669193121812889,1,AES,Gold
445.2467024914509,-0.0038901786165927046,1,AES,Gold
446.4582315583781,0.0,1,AES,Gold
447.6697606253053,0.0,1,AES,Gold
448.88128969223254,0.0,1,AES,Gold
450.09281875915974,0.0014637891404025026,1,AES,Gold
451.30434782608694,0.0,1,AES,Gold
452.51587689301414,0.0008918664712723716,1,AES,Gold
453.7274059599414,0.006952208058857918,1,AES,Gold
454.9389350268686,-0.0023556556116750746,1,AES,Gold
456.1504640937958,-0.005130121173725648,1,AES,Gold
457.361993160723,0.0031303600242961528,1,AES,Gold
458.5735222276502,-0.0018220868851320767,1,AES,Gold
459.78505129457744,-0.0021139197520776464,1,AES,Gold
460.99658036150464,5.711670099382181e-05,1,AES,Gold
462.20810942843184,-0.000573400329976089,1,AES,Gold
463.41963849535904,-5.711670099382181e-05,1,AES,Gold
464.63116756228624,-0.0003318665195793405,1,AES,Gold
465.8426966292135,0.0022588241900323943,1,AES,Gold
467.0542256961407,0.006470934070719461,1,AES,Gold
468.2657547630679,0.0020922432430195725,1,AES,Gold
469.4772838299951,0.0031843128058055164,1,AES,Gold
470.6888128969223,-0.00435106743305111,1,AES,Gold
471.90034196384954,-0.005809742153241508,1,AES,Gold
473.11187103077674,0.0008316039731283384,1,AES,Gold
474.32340009770394,0.00597584556730942,1,AES,Gold
475.53492916463114,-0.0008316039731274261,1,AES,Gold
476.7464582315584,-0.009932523713254262,1,AES,Gold
477.9579872984856,0.0,1,AES,Gold
479.1695163654128,0.0,1,AES,Gold
480.38104543234,0.0,1,AES,Gold
481.5925744992672,0.010006318104860645,1,AES,Gold
482.80410356619444,0.0006821572059473662,1,AES,Gold
484.01563263312164,-0.008456178920160654,1,AES,Gold
485.22716170004884,0.007827791825514107,1,AES,Gold
486.43869076697604,0.002760800017739115,1,AES,Gold
487.65021983390324,-0.008509949031462193,1,AES,Gold
488.8617489008305,-0.004310939202439502,1,AES,Gold
490.0732779677577,0.0022312504754999434,1,AES,Gold
491.2848070346849,0.0,1,AES,Gold
492.4963361016121,0.006075893215721332,1,AES,Gold
493.7078651685393,0.015356030989853327,1,AES,Gold
494.91939423546654,-0.008307143691222131,1,AES,Gold
496.13092330239374,-0.01535603098985363,1,AES,Gold
497.34245236932094,0.01614722204518046,1,AES,Gold
498.55398143624814,1.5152146674955143e-15,1,AES,Gold
499.7655105031754,-0.010532726016870107,1,AES,Gold
500.9770395701026,0.0,1,AES,Gold
502.1885686370298,-0.005614496028309086,1,AES,Gold
503.400097703957,2.378441046268588e-05,1,AES,Gold
504.6116267708842,0.00021309491121440825,1,AES,Gold
505.82315583781144,-2.3784410462704205e-05,1,AES,Gold
507.03468490473864,0.002612032240182004,1,AES,Gold
508.24621397166584,0.0,1,AES,Gold
509.45774303859304,-0.0028251271513964247,1,AES,Gold
510.66927210552024,0.0005456377815804882,1,AES,Gold
511.8808011724475,0.002333395321011791,1,AES,Gold
513.0923302393746,0.01268842814665926,1,AES,Gold
514.3038593063019,-0.0023333953210115657,1,AES,Gold
515.5153883732291,-0.013234065928239398,1,AES,Gold
516.7269174401563,0.01580161371748187,1,AES,Gold
517.9384465070835,0.0015073122581784086,1,AES,Gold
519.1499755740108,-0.015801613717482156,1,AES,Gold
520.3615046409379,0.005528413900568439,1,AES,Gold
521.5730337078651,0.0005246778286360162,1,AES,Gold
522.7845627747924,-0.0016866616068593103,1,AES,Gold
523.9960918417196,-0.00021842702061972247,1,AES,Gold
525.2076209086467,0.014004408641881978,1,AES,Gold
526.419149975574,0.00765563666502587,1,AES,Gold
527.6306790425012,-0.019353473193769052,1,AES,Gold
528.8422081094284,-0.0035550290461579944,1,AES,Gold
530.0537371763556,0.0029273008205352624,1,AES,Gold
531.2652662432829,0.0018009903222849816,1,AES,Gold
532.47679531021,-0.0029273008205345087,1,AES,Gold
533.6883243771373,-0.0030960516593095634,1,AES,Gold
534.8998534440644,0.0148071274173569,1,AES,Gold
536.1113825109917,-0.0031117970898571325,1,AES,Gold
537.322911577919,-0.00480080931249403,1,AES,Gold
538.5344406448461,1.8779354018529687e-15,1,AES,Gold
539.7459697117733,-0.010006318104860409,1,AES,Gold
540.9574987787005,0.0032546332653244003,1,AES,Gold
542.1690278456277,0.006814401798152863,1,AES,Gold
543.380556912555,-0.002918553633508531,1,AES,Gold
544.5920859794821,0.0005726841723594802,1,AES,Gold
545.8036150464094,-0.00033607963181847106,1,AES,Gold
547.0151441133365,-0.007387085970514624,1,AES,Gold
548.2266731802638,0.0,1,AES,Gold
549.438202247191,0.0017420467938759237,1,AES,Gold
550.6497313141182,0.010006318104860735,1,AES,Gold
551.8612603810454,-0.001742046793877475,1,AES,Gold
553.0727894479726,-0.010006318104862286,1,AES,Gold
554.2843185148998,0.0,1,AES,Gold
555.4958475818271,0.013043823612993638,1,AES,Gold
556.7073766487542,0.001662818931039258,1,AES,Gold
557.9189057156815,-0.013043823612991504,1,AES,Gold
559.1304347826086,-0.0016628189310371223,1,AES,Gold
560.3419638495359,0.0,1,AES,Gold
561.5534929164631,0.0,1,AES,Gold
562.7650219833903,0.00433234132807146,1,AES,Gold
563.9765510503175,-8.130720078691321e-16,1,AES,Gold
565.1880801172447,-0.0020460835593845554,1,AES,Gold
566.3996091841719,0.0,1,AES,Gold
567.6111382510992,-0.002286257768687717,1,AES,Gold
568.8226673180263,0.0,1,AES,Gold
570.0341963849536,0.0,1,AES,Gold
571.2457254518807,0.0,1,AES,Gold
572.457254518808,0.0,1,AES,Gold
573.6687835857352,0.008911614226421376,1,AES,Gold
574.8803126526624,0.00015994866974708096,1,AES,Gold
576.0918417195896,-0.008911614226420124,1,AES,Gold
577.3033707865169,0.0008106229306885433,1,AES,Gold
578.514899853444,1.821519913106038e-16,1,AES,Gold
579.7264289203713,-0.0009705716004337699,1,AES,Gold
580.9379579872984,0.002785741684576471,1,AES,Gold
582.1494870542257,0.003435908856858795,1,AES,Gold
583.3610161211529,-0.002785741684577116,1,AES,Gold
584.5725451880801,-0.003435908856859278,1,AES,Gold
585.7840742550073,0.0,1,AES,Gold
586.9956033219345,0.0,1,AES,Gold
588.2071323888617,0.0,1,AES,Gold
589.418661455789,0.006199878020294199,1,AES,Gold
590.6301905227161,0.007461256250069694,1,AES,Gold
591.8417195896434,-0.006199878020294438,1,AES,Gold
593.0532486565705,0.0051602130269456925,1,AES,Gold
594.2647777234978,0.001411770663862973,1,AES,Gold
595.476306790425,0.0013437401837891772,1,AES,Gold
596.6878358573522,0.013672723284087394,1,AES,Gold
597.8993649242794,-0.013965209460805275,1,AES,Gold
599.1108939912066,-0.015084493947950774,1,AES,Gold
600.3224230581338,0.0,1,AES,Gold
601.5339521250611,0.000922871806125018,1,AES,Gold
602.7454811919882,1.7319993407485346e-16,1,AES,Gold
603.9570102589155,-0.000922871806124845,1,AES,Gold
605.1685393258426,0.0,1,AES,Gold
606.3800683927699,0.0,1,AES,Gold
607.5915974596971,0.0076525490233754385,1,AES,Gold
608.8031265266243,0.003998947877736092,1,AES,Gold
610.0146555935515,-0.007652549023374754,1,AES,Gold
611.2261846604787,0.0027137932693490478,1,AES,Gold
612.4377137274059,0.0003509277198908339,1,AES,Gold
613.6492427943332,-0.006712741147084519,1,AES,Gold
614.8607718612603,0.006557669298690799,1,AES,Gold
616.0723009281876,0.0024443920076139226,1,AES,Gold
617.2838299951147,-0.006908597018582519,1,AES,Gold
618.495359062042,-0.002444392007614875,1,AES,Gold
619.7068881289692,0.0,1,AES,Gold
620.9184171958964,0.0,1,AES,Gold
622.1299462628236,0.004200962704906327,1,AES,Gold
623.3414753297509,0.008660745573157947,1,AES,Gold
624.553004396678,0.005805355399955115,1,AES,Gold
625.7645334636053,-0.006107225706854731,1,AES,Gold
626.9760625305324,-0.010006318104861807,1,AES,Gold
628.1875915974597,-0.0025535198663038995,1,AES,Gold
629.3991206643869,0.0,1,AES,Gold
630.6106497313141,0.0,1,AES,Gold
631.8221787982413,0.0002200847450047084,1,AES,Gold
633.0337078651685,4.1304396854152715e-17,1,AES,Gold
634.2452369320957,0.0010066552482250063,1,AES,Gold
635.456765999023,0.010006318104862057,1,AES,Gold
636.6682950659501,-0.0012267399932279783,1,AES,Gold
637.8798241328774,-0.010006318104860409,1,AES,Gold
639.0913531998045,0.0,1,AES,Gold
640.3028822667318,0.003426308892679198,1,AES,Gold
641.514411333659,0.0022720637409798555,1,AES,Gold
642.7259404005862,-0.0034263088926792537,1,AES,Gold
643.9374694675134,-0.0018215115637946876,1,AES,Gold
645.1489985344406,0.003408147056300591,1,AES,Gold
646.3605276013678,-0.00045055217718532095,1,AES,Gold
647.5720566682951,-0.0009435700325941828,1,AES,Gold
648.7835857352222,4.625394070934573e-16,1,AES,Gold
649.9951148021495,0.00012354847406487017,1,AES,Gold
651.2066438690766,4.857263626608324e-16,1,AES,Gold
652.4181729360039,-0.002588125497770367,1,AES,Gold
653.6297020029311,0.0,1,AES,Gold
654.8412310698583,0.0002181040429345596,1,AES,Gold
656.0527601367855,0.0011780511698484626,1,AES,Gold
657.2642892037127,-0.00021810404293437946,1,AES,Gold
658.4758182706399,0.0017184810448526754,1,AES,Gold
659.6873473375672,-5.436065825203191e-16,1,AES,Gold
660.8988764044943,-0.0028965322147014214,1,AES,Gold
662.1104054714216,0.0,1,AES,Gold
663.3219345383488,0.0,1,AES,Gold
664.533463605276,0.00021499123034566603,1,AES,Gold
665.7449926722032,0.010006318104862246,1,AES,Gold
666.9565217391304,-0.00021499123034382847,1,AES,Gold
668.1680508060576,-0.005441968026421022,1,AES,Gold
669.3795798729849,0.010006318104861429,1,AES,Gold
670.591108939912,-0.0007738118550425755,1,AES,Gold
671.8026380068393,-0.010006318104861118,1,AES,Gold
673.0141670737664,-0.0013874486664783871,1,AES,Gold
674.2256961406937,0.006538677198650405,1,AES,Gold
675.4372252076209,-0.0024030895569195966,1,AES,Gold
676.6487542745481,-0.006538677198651325,1,AES,Gold
677.8602833414753,0.0026174878572555,1,AES,Gold
679.0718124084025,4.912369424545717e-16,1,AES,Gold
680.2833414753297,-0.0009340417660946381,1,AES,Gold
681.494870542257,-3.1594068653139683e-16,1,AES,Gold
682.7063996091841,-0.0012906915175167684,1,AES,Gold
683.9179286761114,-7.37102009306904e-17,1,AES,Gold
685.1294577430385,0.00490407960417179,1,AES,Gold
686.3409868099658,0.0011540038698926662,1,AES,Gold
687.552515876893,-0.0037655336229332178,1,AES,Gold
688.7640449438202,-0.0011540038698925413,1,AES,Gold
689.9755740107474,-0.0015313005548825388,1,AES,Gold
691.1871030776746,0.0,1,AES,Gold
692.3986321446018,0.001789158831822161,1,AES,Gold
693.6101612115291,-3.357803214535575e-16,1,AES,Gold
694.8216902784562,-0.00047479597570949976,1,AES,Gold
696.0332193453835,0.009413617697901956,1,AES,Gold
697.2447484123106,0.002636890767118908,1,AES,Gold
698.4562774792379,-0.009413617697900879,1,AES,Gold
699.6678065461651,0.0014972210251505442,1,AES,Gold
700.8793356130923,1.0225422898879161e-15,1,AES,Gold
702.0908646800195,-0.005448474648379821,1,AES,Gold
703.3023937469467,0.0,1,AES,Gold
704.5139228138739,0.0,1,AES,Gold
705.7254518808012,0.0,1,AES,Gold
706.9369809477283,8.354221527647481e-05,1,AES,Gold
708.1485100146556,0.007603996279926298,1,AES,Gold
709.3600390815828,0.001399337290985978,1,AES,Gold
710.57156814851,-0.007603996279927089,1,AES,Gold
711.7830972154372,0.0022791442256650204,1,AES,Gold
712.9946262823644,7.060376728745837e-16,1,AES,Gold
714.2061553492916,-0.002693321544118628,1,AES,Gold
715.4176844162189,0.0034964958270262626,1,AES,Gold
716.629213483146,-0.0010687021878089593,1,AES,Gold
717.8407425500733,0.011697669998723554,1,AES,Gold
719.0522716170004,0.0015353544117120825,1,AES,Gold
720.2638006839277,-0.015194165825747221,1,AES,Gold
721.4753297508549,0.0013348220754432919,1,AES,Gold
722.6868588177821,0.010299424808295293,1,AES,Gold
723.8983878847093,-0.0020452662344512883,1,AES,Gold
725.1099169516365,-0.00917354410819025,1,AES,Gold
726.3214460185637,-0.0008249102527025127,1,AES,Gold
727.532975085491,-0.0011258807001062834,1,AES,Gold
728.7445041524181,0.0037662431000908977,1,AES,Gold
729.9560332193454,-7.068295426476287e-16,1,AES,Gold
731.1675622862725,-0.003441632452499911,1,AES,Gold
732.3790913531998,0.0,1,AES,Gold
733.590620420127,0.0018479494514153103,1,AES,Gold
734.8021494870542,0.001513426949386746,1,AES,Gold
736.0136785539814,0.0025335209567204295,1,AES,Gold
737.2252076209086,-0.0015134269493857393,1,AES,Gold
738.4367366878358,-0.004706081055726648,1,AES,Gold
739.6482657547631,0.0,1,AES,Gold
740.8597948216902,0.0,1,AES,Gold
742.0713238886175,0.0017113622588332772,1,AES,Gold
743.2828529555446,0.0034335543493157947,1,AES,Gold
744.4943820224719,-0.0017113622588330367,1,AES,Gold
745.7059110893991,0.0005108103657073097,1,AES,Gold
746.9174401563263,0.006148911838099298,1,AES,Gold
748.1289692232535,-0.0020691037415971145,1,AES,Gold
749.3404982901807,0.0023638719518910504,1,AES,Gold
750.5520273571079,-0.001875260973425819,1,AES,Gold
751.7635564240352,-0.00851278378999041,1,AES,Gold
752.9750854909623,0.0,1,AES,Gold
754.1866145578896,0.006785768424426862,1,AES,Gold
755.3981436248168,0.002968076396410635,1,AES,Gold
756.609672691744,-0.00678576842442726,1,AES,Gold
757.8212017586712,-0.0016981927106665237,1,AES,Gold
759.0327308255984,2.3832537649756868e-16,1,AES,Gold
760.2442598925256,0.009823575531879167,1,AES,Gold
761.4557889594529,0.0005861223559205819,1,AES,Gold
762.66731802638,-0.010597265530496048,1,AES,Gold
763.8788470933073,0.002705815056715236,1,AES,Gold
765.0903761602344,0.001685571405997199,1,AES,Gold
766.3019052271617,-0.002276442663571673,1,AES,Gold
767.5134342940889,-0.0021817650931260824,1,AES,Gold
768.7249633610161,0.001122994777213645,1,AES,Gold
769.9364924279433,0.008536500091676382,1,AES,Gold
771.1480214948705,0.00396407628455725,1,AES,Gold
772.3595505617977,-0.0013101128635410397,1,AES,Gold
773.571079628725,-0.006102565810836941,1,AES,Gold
774.7826086956521,-0.007226387228135561,1,AES,Gold
775.9941377625794,0.0,1,AES,Gold
777.2056668295065,0.00025275745334452055,1,AES,Gold
778.4171958964338,0.004963041668815924,1,AES,Gold
779.628724963361,-0.00025275745334545194,1,AES,Gold
780.8402540302882,0.001974703544783229,1,AES,Gold
782.0517830972154,-1.302041091350743e-15,1,AES,Gold
783.2633121641426,-0.006937745213601154,1,AES,Gold
784.4748412310698,0.0,1,AES,Gold
785.6863702979971,0.010006318104862286,1,AES,Gold
786.8978993649242,0.003733742987203435,1,AES,Gold
788.1094284318515,-0.009673761948021697,1,AES,Gold
789.3209574987786,-0.0037337429872021954,1,AES,Gold
790.5324865657059,-0.0003325561568393645,1,AES,Gold
791.7440156326331,0.0,1,AES,Gold
792.9555446995603,0.01757667780545199,1,AES,Gold
794.1670737664875,0.0,1,AES,Gold
795.3786028334148,-0.01757667780545199,1,AES,Gold
796.5901319003419,0.0,1,AES,Gold
797.8016609672692,0.0,1,AES,Gold
799.0131900341963,0.0,1,AES,Gold
800.2247191011236,0.0,1,AES,Gold
801.4362481680508,0.0,1,AES,Gold
802.647777234978,0.0031578577793147404,1,AES,Gold
803.8593063019052,0.008386508200912544,1,AES,Gold
805.0708353688324,0.0019520238912089402,1,AES,Gold
806.2823644357596,-0.008386508200911958,1,AES,Gold
807.4938935026869,-0.005109881670522698,1,AES,Gold
808.705422569614,0.011672263691306889,1,AES,Gold
809.9169516365413,0.00026860339402400436,1,AES,Gold
811.1284807034684,-0.011609083110017687,1,AES,Gold
812.3400097703957,-0.00026860339402615715,1,AES,Gold
813.5515388373229,0.0008352936849159601,1,AES,Gold
814.7630679042501,1.686211266204574e-16,1,AES,Gold
815.9745969711773,-0.0008984742662071324,1,AES,Gold
817.1861260381045,0.0,1,AES,Gold
818.3976551050317,0.0,1,AES,Gold
819.609184171959,0.0,1,AES,Gold
820.8207132388861,0.0,1,AES,Gold
822.0322423058134,0.0004827469834482629,1,AES,Gold
823.2437713727405,9.059952330664976e-17,1,AES,Gold
824.4553004396678,0.006339075107051821,1,AES,Gold
825.666829506595,-1.2802852232600217e-15,1,AES,Gold
826.8783585735222,-0.0018709575513029917,1,AES,Gold
828.0898876404494,0.005652002075379179,1,AES,Gold
829.3014167073766,-0.004950864539197852,1,AES,Gold
830.5129457743038,-0.005652002075379314,1,AES,Gold
831.7244748412311,0.0,1,AES,Gold
832.9360039081582,0.0,1,AES,Gold
834.1475329750855,0.0,1,AES,Gold
835.3590620420126,0.0,1,AES,Gold
836.5705911089399,0.007947960735337115,1,AES,Gold
837.7821201758671,0.004244056707997499,1,AES,Gold
838.9936492427943,-0.0021804320951321534,1,AES,Gold
840.2051783097215,-0.0009706914290643064,1,AES,Gold
841.4167073766488,-0.005767528640205897,1,AES,Gold
842.6282364435759,-0.0032733652789345476,1,AES,Gold
843.8397655105032,0.0022197086141072055,1,AES,Gold
845.0512945774303,4.1658373684965723e-16,1,AES,Gold
846.2628236443576,0.0010143147346491728,1,AES,Gold
847.4743527112848,-6.06945219350744e-16,1,AES,Gold
848.685881778212,-0.0032340233487565214,1,AES,Gold
849.8974108451392,0.0032247772784652178,1,AES,Gold
851.1089399120664,0.0020150926868023095,1,AES,Gold
852.3204689789936,-0.0032247772784647637,1,AES,Gold
853.5319980459209,0.0032434036777453865,1,AES,Gold
854.743527112848,9.868881220855434e-16,1,AES,Gold
855.9550561797753,-0.0024647312594719504,1,AES,Gold
857.1665852467024,0.0026901929026447854,1,AES,Gold
858.3781143136297,-0.0027937651050737606,1,AES,Gold
859.5896433805569,-0.0012109164216616455,1,AES,Gold
860.8011724474841,2.776231620515693e-16,1,AES,Gold
862.0127015144113,0.002711931842259684,1,AES,Gold
863.2242305813385,7.865848761026707e-16,1,AES,Gold
864.4357596482657,-0.004191208323241432,1,AES,Gold
865.647288715193,0.004758103504656052,1,AES,Gold
866.8588177821201,8.92976909532026e-16,1,AES,Gold
868.0703468490474,0.005248214600207126,1,AES,Gold
869.2818759159745,1.8779354018529687e-15,1,AES,Gold
870.4934049829018,-0.007257573859019447,1,AES,Gold
871.704934049829,-5.158704806114133e-16,1,AES,Gold
872.9164631167562,0.00521066368080167,1,AES,Gold
874.1279921836834,-1.493781605441122e-15,1,AES,Gold
875.3395212506106,-0.00026460907011853203,1,AES,Gold
876.5510503175378,0.0009571345280011863,1,AES,Gold
877.7625793844651,-0.007694798856526631,1,AES,Gold
878.9741084513922,-0.0009571345280013209,1,AES,Gold
880.1856375183195,0.0018104044252025317,1,AES,Gold
881.3971665852466,3.3976758745127866e-16,1,AES,Gold
882.6086956521739,0.0031939600953552936,1,AES,Gold
883.8202247191011,0.0005181145809207552,1,AES,Gold
885.0317537860283,-0.004322624722324217,1,AES,Gold
886.2432828529555,-0.0005181145809216215,1,AES,Gold
887.4548119198828,-0.00068173979823396,1,AES,Gold
888.6663409868099,0.0013961294517080708,1,AES,Gold
889.8778700537372,-2.6201854622817195e-16,1,AES,Gold
891.0893991206643,-0.001396129451708333,1,AES,Gold
892.3009281875916,0.0033713025620271176,1,AES,Gold
893.5124572545188,0.0007750126690562596,1,AES,Gold
894.723986321446,-0.0033713025620274463,1,AES,Gold
895.9355153883732,-0.0006913999043996319,1,AES,Gold
897.1470444553004,0.001576563570368975,1,AES,Gold
898.3585735222276,-8.361276465710327e-05,1,AES,Gold
899.5701025891549,-0.0015765635703689589,1,AES,Gold
900.781631656082,0.000888316300466223,1,AES,Gold
901.9931607230093,-1.6671473075379018e-16,1,AES,Gold
903.2046897899364,0.0009634394514436474,1,AES,Gold
904.4162188568637,0.010006318104860879,1,AES,Gold
905.6277479237909,0.002816295704822448,1,AES,Gold
906.8392769907181,-0.00786270708412254,1,AES,Gold
908.0508060576453,-0.0035067499675471487,1,AES,Gold
909.2623351245725,0.0023136857308447213,1,AES,Gold
910.4738641914997,0.006392969336972529,1,AES,Gold
911.685393258427,0.01015000830601856,1,AES,Gold
912.8969223253541,-0.007554270826157426,1,AES,Gold
914.1084513922814,-0.01460730505760101,1,AES,Gold
915.3199804592085,0.0,1,AES,Gold
916.5315095261358,0.010124662075905812,1,AES,Gold
917.743038593063,0.002348001465424618,1,AES,Gold
918.9545676599902,-0.010124662075906794,1,AES,Gold
920.1660967269174,-0.0015008634472616546,1,AES,Gold
921.3776257938446,1.5898659805683117e-16,1,AES,Gold
922.5891548607718,-0.0008471380181643036,1,AES,Gold
923.8006839276991,0.0,1,AES,Gold
925.0122129946262,0.0,1,AES,Gold
926.2237420615535,0.0,1,AES,Gold
927.4352711284806,0.0,1,AES,Gold
928.6468001954079,0.004779115952094285,1,AES,Gold
929.8583292623351,-8.969204198733493e-16,1,AES,Gold
931.0698583292623,0.0071608613329491606,1,AES,Gold
932.2813873961895,0.002237594842140665,1,AES,Gold
933.4929164631168,-0.011101596281066248,1,AES,Gold
934.7044455300439,-0.0022375948421408222,1,AES,Gold
935.9159745969712,0.0023380895260144176,1,AES,Gold
937.1275036638983,5.96143996093533e-16,1,AES,Gold
938.3390327308256,-0.0026230575452747353,1,AES,Gold
939.5505617977528,0.011612049650025161,1,AES,Gold
940.76209086468,-0.000553412984715266,1,AES,Gold
941.9736199316072,-0.006399167525707175,1,AES,Gold
943.1851489985344,9.783274711387047e-16,1,AES,Gold
944.3966780654616,0.004793435980545702,1,AES,Gold
945.6082071323889,0.008032010112914507,1,AES,Gold
946.819736199316,-0.010006318104860776,1,AES,Gold
948.0312652662433,0.00018890694235124337,1,AES,Gold
949.2427943331704,0.0032102262607196655,1,AES,Gold
950.4543234000977,-0.008220917055264966,1,AES,Gold
951.6658524670249,0.009664571363159914,1,AES,Gold
952.8773815339521,0.0044113193871556855,1,AES,Gold
954.0889106008793,-0.010054387576390622,1,AES,Gold
955.3004396678065,-0.004411319387153568,1,AES,Gold
956.5119687347337,0.01719222616223633,1,AES,Gold
957.723497801661,-3.7558708037059375e-15,1,AES,Gold
958.9350268685881,-0.02001263620972457,1,AES,Gold
960.1465559355154,0.002815248912841593,1,AES,Gold
961.3580850024425,0.0008060174634281712,1,AES,Gold
962.5696140693698,-0.0028152489128411965,1,AES,Gold
963.781143136297,0.0009184866522448898,1,AES,Gold
964.9926722032242,0.0027694991645188026,1,AES,Gold
966.2042012701514,0.0008145973779759232,1,AES,Gold
967.4157303370786,0.012139031839301456,1,AES,Gold
968.6272594040058,0.0012434085438619714,1,AES,Gold
969.8387884709331,-0.01282577873583941,1,AES,Gold
971.0503175378602,-0.0037825100375104078,1,AES,Gold
972.2618466047875,-0.002082752267980987,1,AES,Gold
973.4733756717147,0.0019486653727835723,1,AES,Gold
974.6849047386419,0.0009420312880246892,1,AES,Gold
975.8964338055691,-0.0007168361521978189,1,AES,Gold
977.1079628724963,-0.0009420312880242691,1,AES,Gold
978.3194919394235,-0.0012318292205853911,1,AES,Gold
979.5310210063508,0.00477689819971228,1,AES,Gold
980.7425500732779,8.96504203272165e-16,1,AES,Gold
981.9540791402052,-0.0016857424913263865,1,AES,Gold
983.1656082071323,0.0001284466917872856,1,AES,Gold
984.3771372740596,-0.0029561875993035797,1,AES,Gold
985.5886663409868,0.004127427666243551,1,AES,Gold
986.800195407914,-0.00013496810908020284,1,AES,Gold
988.0117244748412,-0.003819889054593963,1,AES,Gold
989.2232535417684,8.182352663876655e-17,1,AES,Gold
990.4347826086956,-0.0004359853034354584,1,AES,Gold
991.6463116756229,0.0,1,AES,Gold
992.85784074255,0.011013874045533306,1,AES,Gold
994.0693698094773,-2.067028427929947e-15,1,AES,Gold
995.2808988764044,-0.005318006483153601,1,AES,Gold
996.4924279433317,0.0,1,AES,Gold
997.7039570102589,-0.005695867562381773,1,AES,Gold
998.9154860771861,0.0,1,AES,Gold
1000.1270151441133,0.006563212575380938,1,AES,Gold
1001.3385442110405,0.0008915345527410507,1,AES,Gold
1002.5500732779677,-0.0018829647771889354,1,AES,Gold
1003.761602344895,-0.0008915345527406972,1,AES,Gold
1004.9731314118221,-0.003468959303624021,1,AES,Gold
1006.1846604787494,0.004035193687766262,1,AES,Gold
1007.3961895456765,-0.0008380641910001185,1,AES,Gold
1008.6077186126038,0.0007976197726642749,1,AES,Gold
1009.819247679531,-0.0003732243035679761,1,AES,Gold
1011.0307767464582,0.0015597146787510695,1,AES,Gold
1012.2423058133854,0.010427358453508524,1,AES,Gold
1013.4538348803126,-0.006392528139181189,1,AES,Gold
1014.6653639472398,-0.010427358453508255,1,AES,Gold
1015.8768930141671,0.00659227164438848,1,AES,Gold
1017.0884220810942,0.0071646345688354315,1,AES,Gold
1018.2999511480215,-0.006592271644387552,1,AES,Gold
1019.5114802149487,-0.007164634568834193,1,AES,Gold
1020.7230092818759,0.0,1,AES,Gold
1021.9345383488031,0.0,1,AES,Gold
1023.1460674157303,0.010006318104860409,1,AES,Gold
1024.3575964826575,1.877935401852616e-15,1,AES,Gold
1025.569125549585,-0.010006318104859002,1,AES,Gold
1026.780654616512,0.010006318104861817,1,AES,Gold
1027.9921836834392,0.0010623528490275884,1,AES,Gold
1029.2037127503663,-0.002973546946015623,1,AES,Gold
1030.4152418172935,-0.0010623528490250485,1,AES,Gold
1031.6267708842208,-0.0025680746256305557,1,AES,Gold
1032.838299951148,0.010006318104860676,1,AES,Gold
1034.0498290180753,-0.0044646965332157396,1,AES,Gold
1035.2613580850025,0.0030608510503102484,1,AES,Gold
1036.4728871519296,0.0,1,AES,Gold
1037.6844162188568,-0.01133263230962501,1,AES,Gold
1038.895945285784,0.0007549951094327659,1,AES,Gold
1040.1074743527113,0.0004991270989053592,1,AES,Gold
1041.3190034196384,0.0005566180814975289,1,AES,Gold
1042.5305324865658,0.008903103886520096,1,AES,Gold
1043.742061553493,-0.001311613190929458,1,AES,Gold
1044.95359062042,-0.011136767830970914,1,AES,Gold
1046.1651196873472,0.0,1,AES,Gold
1047.3766487542746,0.010006318104862756,1,AES,Gold
1048.5881778212017,0.010006318104861817,1,AES,Gold
1049.7997068881289,-0.004613168469552887,1,AES,Gold
1051.0112359550562,-0.0035631848375177705,1,AES,Gold
1052.2227650219834,-0.005393149635307629,1,AES,Gold
1053.4342940889105,-0.0064431332673432545,1,AES,Gold
1054.645823155838,0.002138250032264643,1,AES,Gold
1055.857352222765,0.0,1,AES,Gold
1057.0688812896922,0.0007326066066446125,1,AES,Gold
1058.2804103566193,0.000920419680692976,1,AES,Gold
1059.4919394235467,-0.0028708566389085925,1,AES,Gold
1060.7034684904738,0.006098765413745318,1,AES,Gold
1061.914997557401,0.008145754717716827,1,AES,Gold
1063.1265266243283,-0.007019185094438559,1,AES,Gold
1064.3380556912555,-0.008145754717716483,1,AES,Gold
1065.5495847581826,0.0012966302716570107,1,AES,Gold
1066.76111382511,0.0015170314858987577,1,AES,Gold
1067.9726428920371,0.0016903995223616472,1,AES,Gold
1069.1841719589643,0.007600868552919478,1,AES,Gold
1070.3957010258914,-0.002987029794015881,1,AES,Gold
1071.6072300928188,-0.009117900038816013,1,AES,Gold
1072.818759159746,0.0,1,AES,Gold
1074.030288226673,0.0,1,AES,Gold
1075.2418172936004,0.0,1,AES,Gold
1076.4533463605276,0.008139768316050393,1,AES,Gold
1077.6648754274547,3.055261470483067e-15,1,AES,Gold
1078.876404494382,-0.007124709333946777,1,AES,Gold
1080.0879335613092,0.0,1,AES,Gold
1081.2994626282364,0.004375263676683432,1,AES,Gold
1082.5109916951635,0.011461678062921055,1,AES,Gold
1083.7225207620909,-0.005390322658787447,1,AES,Gold
1084.934049829018,-0.011461678062922255,1,AES,Gold
1086.1455788959452,0.004736112329843291,1,AES,Gold
1087.3571079628725,0.003092928266666041,1,AES,Gold
1088.5686370297997,0.003640195887700529,1,AES,Gold
1089.7801660967268,-0.00044434265212974785,1,AES,Gold
1090.9916951636542,-0.00837630821754379,1,AES,Gold
1092.2032242305813,3.051076587686929e-05,1,AES,Gold
1093.4147532975085,0.005028865583319313,1,AES,Gold
1094.6262823644358,0.0010424525304156647,1,AES,Gold
1095.837811431363,-0.0027279684264744845,1,AES,Gold
1097.0493404982901,0.001116681729909901,1,AES,Gold
1098.2608695652173,0.0030028020955990523,1,AES,Gold
1099.4723986321446,0.001430975937497395,1,AES,Gold
1100.6839276990718,-0.0023612763322046738,1,AES,Gold
1101.895456765999,0.00373711152662319,1,AES,Gold
1103.1069858329263,-0.0022769579382328517,1,AES,Gold
1104.3185148998534,-0.0045338261566978495,1,AES,Gold
1105.5300439667806,-0.0006654649820075318,1,AES,Gold
1106.741573033708,-0.003800260932632604,1,AES,Gold
1107.953102100635,0.0,1,AES,Gold
1109.1646311675622,-0.001541850043295842,1,AES,Gold
1110.3761602344894,0.005798811047777903,1,AES,Gold
1111.5876893014167,0.0007364075391392744,1,AES,Gold
1112.7992183683439,-0.005588183822504496,1,AES,Gold
1114.010747435271,-0.0008667885113751608,1,AES,Gold
1115.2222765021984,0.003174235005125003,1,AES,Gold
1116.4338055691255,0.002927791737996404,1,AES,Gold
1117.6453346360527,0.00642724392358512,1,AES,Gold
1118.85686370298,-0.0029277917379992627,1,AES,Gold
1120.0683927699072,-0.008818082539683065,1,AES,Gold
1121.2799218368343,0.011137474390471674,1,AES,Gold
1122.4914509037615,0.006161000187214997,1,AES,Gold
1123.7029799706888,-0.011137474390471223,1,AES,Gold
1124.914509037616,-0.00588943598117771,1,AES,Gold
1126.126038104543,0.0027573013107129152,1,AES,Gold
1127.3375671714705,-0.0004191648327983803,1,AES,Gold
1128.5490962383976,-0.002757301310713216,1,AES,Gold
1129.7606253053248,3.3931782161689994e-05,1,AES,Gold
1130.9721543722521,0.004869786524176861,1,AES,Gold
1132.1836834391793,-0.0008803547697031003,1,AES,Gold
1133.3952125061064,-0.004266661730812035,1,AES,Gold
1134.6067415730338,-2.2638284918117473e-16,1,AES,Gold
1135.818270639961,0.00481737620249395,1,AES,Gold
1137.029799706888,0.0,1,AES,Gold
1138.2413287738152,-0.005420500995859785,1,AES,Gold
1139.4528578407426,0.0017109603047681277,1,AES,Gold
1140.6643869076697,0.007100915022153546,1,AES,Gold
1141.8759159745969,0.008295357800093538,1,AES,Gold
1143.0874450415242,-0.007100915022155304,1,AES,Gold
1144.2989741084514,-0.0014737524948953786,1,AES,Gold
1145.5105031753785,3.202697907395564e-15,1,AES,Gold
1146.7220322423059,-0.008532565609964037,1,AES,Gold
1147.933561309233,0.001995820670907529,1,AES,Gold
1149.1450903761602,0.0,1,AES,Gold
1150.3566194430873,-0.0019958206709077162,1,AES,Gold
1151.5681485100147,0.003212968209838214,1,AES,Gold
1152.7796775769418,0.001105833010864965,1,AES,Gold
1153.991206643869,-0.003212968209837799,1,AES,Gold
1155.2027357107963,-0.001105833010864654,1,AES,Gold
1156.4142647777235,0.003957298152492984,1,AES,Gold
1157.6257938446506,0.0029491871256985343,1,AES,Gold
1158.837322911578,-0.003957298152492977,1,AES,Gold
1160.0488519785051,0.005426802089946754,1,AES,Gold
1161.2603810454323,0.0,1,AES,Gold
1162.4719101123594,-0.008375989215645419,1,AES,Gold
1163.6834391792868,0.0,1,AES,Gold
1164.894968246214,0.0,1,AES,Gold
1166.106497313141,0.0011037408042996806,1,AES,Gold
1167.3180263800684,-4.1428903401688387e-16,1,AES,Gold
1168.5295554469956,0.0004931145662057176,1,AES,Gold
1169.7410845139227,5.993795520960686e-16,1,AES,Gold
1170.95261358085,0.0049517823853344675,1,AES,Gold
1172.1641426477772,0.0,1,AES,Gold
1173.3756717147044,-0.0014807993793239202,1,AES,Gold
1174.5872007816317,0.001554536062760859,1,AES,Gold
1175.7987298485589,-0.002996093877716824,1,AES,Gold
1177.010258915486,0.0010298184177694788,1,AES,Gold
1178.2217879824132,-4.1024829215495e-05,1,AES,Gold
1179.4333170493405,0.0003309119832192829,1,AES,Gold
1180.6448461162677,0.003998059826420068,1,AES,Gold
1181.8563751831948,-0.002023884345017661,1,AES,Gold
1183.0679042501222,-0.0028128752115534742,1,AES,Gold
1184.2794333170493,-0.000891382118731739,1,AES,Gold
1185.4909623839765,0.0033161896201358474,1,AES,Gold
1186.7024914509038,-2.4518209921173282e-15,1,AES,Gold
1187.914020517831,0.0016366245150935957,1,AES,Gold
1189.1255495847581,0.0,1,AES,Gold
1190.3370786516853,0.0018375996851770124,1,AES,Gold
1191.5486077186126,0.0005810569159282158,1,AES,Gold
1192.7601367855398,-0.010006318104861817,1,AES,Gold
1193.971665852467,0.0032319400702645806,1,AES,Gold
1195.1831949193943,-1.4312081531886118e-15,1,AES,Gold
1196.3947239863214,-0.0038129969861976252,1,AES,Gold
1197.6062530532486,0.0,1,AES,Gold
1198.817782120176,0.0,1,AES,Gold
1200.029311187103,0.0,1,AES,Gold
1201.2408402540302,0.0,1,AES,Gold
1202.4523693209574,0.0034490942036322987,1,AES,Gold
1203.6638983878847,0.0035642379463838854,1,AES,Gold
1204.8754274548119,-0.001519300770028011,1,AES,Gold
1206.086956521739,-0.0035642379463844552,1,AES,Gold
1207.2984855886664,-0.0019297934336047152,1,AES,Gold
1208.5100146555935,0.0,1,AES,Gold
1209.7215437225207,0.0,1,AES,Gold
1210.933072789448,0.006819124705815355,1,AES,Gold
1212.1446018563752,0.003979546115345676,1,AES,Gold
1213.3561309233023,-0.006819124705814715,1,AES,Gold
1214.5676599902295,-0.0038575971356853644,1,AES,Gold
1215.7791890571568,0.0009451842218206445,1,AES,Gold
1216.990718124084,-0.00012194897966071883,1,AES,Gold
1218.202247191011,-0.0009451842218206904,1,AES,Gold
1219.4137762579385,0.0,1,AES,Gold
1220.6253053248656,0.0,1,AES,Gold
1221.8368343917928,0.0,1,AES,Gold
1223.0483634587201,0.008153959329434992,1,AES,Gold
1224.2598925256473,0.002906739606313385,1,AES,Gold
1225.4714215925744,-0.008153959329433899,1,AES,Gold
1226.6829506595018,-0.0003096145557649229,1,AES,Gold
1227.894479726429,0.006347206338216078,1,AES,Gold
1229.106008793356,0.001596834982244676,1,AES,Gold
1230.3175378602832,-0.006076734482379256,1,AES,Gold
1231.5290669272106,-0.004193960032790998,1,AES,Gold
1232.7405959941377,0.002896534414186916,1,AES,Gold
1233.9521250610649,0.011791091913605192,1,AES,Gold
1235.1636541279922,0.0008934175019002926,1,AES,Gold
1236.3751831949194,-0.008910075139679098,1,AES,Gold
1237.5867122618465,0.0007001448961874156,1,AES,Gold
1238.7982413287739,-0.0028810167739291978,1,AES,Gold
1240.009770395701,0.0012148767010211835,1,AES,Gold
1241.2212994626282,0.0008962736918309096,1,AES,Gold
1242.4328285295553,0.0034375376513262404,1,AES,Gold
1243.6443575964827,-0.0008962736918341906,1,AES,Gold
1244.8558866634098,0.008467332044916351,1,AES,Gold
1246.067415730337,0.010904003243574838,1,AES,Gold
1247.2789447972643,-0.017880315065380042,1,AES,Gold
1248.4904738641915,-0.010904003243571195,1,AES,Gold
1249.7020029311186,0.0,1,AES,Gold
1250.913531998046,0.0019239349153680548,1,AES,Gold
1252.1250610649731,0.012377799028678747,1,AES,Gold
1253.3365901319003,-0.0019239349153678741,1,AES,Gold
1254.5481191988274,-0.01237779902867991,1,AES,Gold
1255.7596482657548,0.0097169251234186,1,AES,Gold
1256.971177332682,0.017842120698058968,1,AES,Gold
1258.182706399609,-0.007737845120389575,1,AES,Gold
1259.3942354665364,-0.01766974425158733,1,AES,Gold
1260.6057645334636,-0.0014346410579115928,1,AES,Gold
1261.8172936003907,0.012616740841009343,1,AES,Gold
1263.028822667318,-0.000544438945115938,1,AES,Gold
1264.2403517342452,-0.012789117287480103,1,AES,Gold
1265.4518808011724,0.0,1,AES,Gold
1266.6634098680997,0.0018107990778561194,1,AES,Gold
1267.8749389350269,0.002935555944650438,1,AES,Gold
1269.086468001954,-0.0018107990778559496,1,AES,Gold
1270.2979970688812,0.014210062511656841,1,AES,Gold
1271.5095261358085,-6.435606693360123e-15,1,AES,Gold
1272.7210552027357,-0.007139300351450562,1,AES,Gold
1273.9325842696628,0.0010180701544051762,1,AES,Gold
1275.1441133365902,-0.005256882179351887,1,AES,Gold
1276.3556424035173,0.006619901040675769,1,AES,Gold
1277.5671714704445,-0.004749435925504629,1,AES,Gold
1278.7787005373718,0.007261035103125635,1,AES,Gold
1279.990229604299,0.0,1,AES,Gold
1281.2017586712261,-0.01489900629819956,1,AES,Gold
1282.4132877381533,0.00400811102697763,1,AES,Gold
1283.6248168050806,0.0029588107497039275,1,AES,Gold
1284.8363458720078,-0.004008111026978758,1,AES,Gold
1286.047874938935,0.003738491466287616,1,AES,Gold
1287.2594040058623,0.006259828176128187,1,AES,Gold
1288.4709330727894,-0.006697302215994932,1,AES,Gold
1289.6824621397166,-0.004464539695135018,1,AES,Gold
1290.893991206644,0.002240825631330232,1,AES,Gold
1292.105520273571,-0.00061292256066879,1,AES,Gold
1293.3170493404982,-0.0022408256313306953,1,AES,Gold
1294.5285784074254,-0.0011823659203275094,1,AES,Gold
1295.7401074743527,0.0,1,AES,Gold
1296.9516365412799,0.005319272623267858,1,AES,Gold
1298.163165608207,0.002465665446026079,1,AES,Gold
1299.3746946751344,-0.0053192726232672875,1,AES,Gold
1300.5862237420615,0.0010346110522538065,1,AES,Gold
1301.7977528089887,1.313828539829626e-15,1,AES,Gold
1303.009281875916,0.001710303132810726,1,AES,Gold
1304.2208109428432,0.0,1,AES,Gold
1305.4323400097703,-0.005210579631088323,1,AES,Gold
1306.6438690766977,0.0,1,AES,Gold
1307.8553981436248,0.0,1,AES,Gold
1309.066927210552,0.00526528639528183,1,AES,Gold
1310.278456277479,1.976324881734344e-15,1,AES,Gold
1311.4899853444065,-0.003693611624999273,1,AES,Gold
1312.7015144113336,0.0,1,AES,Gold
1313.9130434782608,0.0005920904054377354,1,AES,Gold
1315.1245725451881,0.0003484492796482873,1,AES,Gold
1316.3361016121153,-0.00216376517571942,1,AES,Gold
1317.5476306790424,0.0041704248431219575,1,AES,Gold
1318.7591597459698,-1.6961590872365795e-15,1,AES,Gold
1319.970688812897,-0.004518874122772328,1,AES,Gold
1321.182217879824,0.0,1,AES,Gold
1322.3937469467512,0.006807156928257533,1,AES,Gold
1323.6052760136786,0.003856441822668508,1,AES,Gold
1324.8168050806057,-0.0068071569282594484,1,AES,Gold
1326.0283341475329,-0.0038564418226710636,1,AES,Gold
1327.2398632144602,0.0,1,AES,Gold
1328.4513922813874,0.009419728268819077,1,AES,Gold
1329.6629213483145,0.0017323855396682952,1,AES,Gold
1330.8744504152419,0.0025371757968274443,1,AES,Gold
1332.085979482169,0.0029407814761032718,1,AES,Gold
1333.2975085490962,-0.010873802500419858,1,AES,Gold
1334.5090376160233,-0.00467316701576855,1,AES,Gold
1335.7205666829507,-0.0010831015652232382,1,AES,Gold
1336.9320957498778,0.0,1,AES,Gold
1338.143624816805,0.0,1,AES,Gold
1339.3551538837323,0.0033003872572317005,1,AES,Gold
1340.5666829506595,0.00023561651816262908,1,AES,Gold
1341.7782120175866,2.272681382787267e-05,1,AES,Gold
1342.989741084514,-0.0002356165181638101,1,AES,Gold
1344.2012701514411,-0.0029664400157547845,1,AES,Gold
1345.4127992183683,0.0,1,AES,Gold
1346.6243282852954,0.013805929631251077,1,AES,Gold
1347.8358573522228,0.0015716048923901645,1,AES,Gold
1349.04738641915,-0.009635822334741117,1,AES,Gold
1350.258915486077,-0.0015716048923937811,1,AES,Gold
1351.4704445530044,0.004945683481772889,1,AES,Gold
1352.6819736199316,0.0,1,AES,Gold
1353.8935026868587,-0.004445961334625302,1,AES,Gold
1355.105031753786,-1.8866977382342687e-15,1,AES,Gold
1356.3165608207132,-0.002247079263766949,1,AES,Gold
1357.5280898876404,1.043256693091613e-15,1,AES,Gold
1358.7396189545677,-0.002779424235199609,1,AES,Gold
1359.9511480214949,0.018687995127853768,1,AES,Gold
1361.162677088422,0.010006318104861817,1,AES,Gold
1362.3742061553492,-0.007695443450949423,1,AES,Gold
1363.5857352222765,-0.0060598587061140435,1,AES,Gold
1364.7972642892037,-0.0087442342453068,1,AES,Gold
1366.0087933561308,-0.003264188259370074,1,AES,Gold
1367.2203224230582,-0.0005929247218610937,1,AES,Gold
1368.4318514899853,0.010219158359626654,1,AES,Gold
1369.6433805569125,-0.0016553927097330723,1,AES,Gold
1370.8549096238398,-0.009989283013165122,1,AES,Gold
1372.066438690767,0.004765565679212803,1,AES,Gold
1373.2779677576941,0.004102305900793845,1,AES,Gold
1374.4894968246213,0.0006185748201364855,1,AES,Gold
1375.7010258915486,-0.0021172953043926196,1,AES,Gold
1376.9125549584758,-0.005384140499349369,1,AES,Gold
1378.124084025403,0.004511773275122723,1,AES,Gold
1379.3356130923303,-2.7809414935938e-15,1,AES,Gold
1380.5471421592574,-0.006036234262495196,1,AES,Gold
1381.7586712261846,5.15241383598535e-16,1,AES,Gold
1382.970200293112,-0.0013726960948677945,1,AES,Gold
1384.181729360039,0.0014912028780453457,1,AES,Gold
1385.3932584269662,0.0014576143425817066,1,AES,Gold
1386.6047874938934,0.00042254827873042364,1,AES,Gold
1387.8163165608207,0.005861868704562473,1,AES,Gold
1389.0278456277479,0.00014339295250845625,1,AES,Gold
1390.239374694675,-0.007319483047143715,1,AES,Gold
1391.4509037616024,0.002315769322976395,1,AES,Gold
1392.6624328285295,0.005395208700401868,1,AES,Gold
1393.8739618954567,-0.004372913432258148,1,AES,Gold
1395.085490962384,-0.00268551721626035,1,AES,Gold
1396.2970200293112,0.003180384309677538,1,AES,Gold
1397.5085490962383,-0.002709691484138806,1,AES,Gold
1398.7200781631657,0.013065874539821028,1,AES,Gold
1399.9316072300928,0.010006318104861817,1,AES,Gold
1401.14313629702,-0.015676668279033325,1,AES,Gold
1402.354665363947,-0.01000631810486254,1,AES,Gold
1403.5661944308745,-0.0004989270156808146,1,AES,Gold
1404.7777234978016,0.0,1,AES,Gold
1405.9892525647288,-7.066355478184661e-05,1,AES,Gold
1407.2007816316561,0.0072323674021743944,1,AES,Gold
1408.4123106985833,0.010006318104861817,1,AES,Gold
1409.6238397655104,-0.00723236740217064,1,AES,Gold
1410.8353688324378,-0.010006318104859002,1,AES,Gold
1412.046897899365,0.0,1,AES,Gold
1413.258426966292,0.0,1,AES,Gold
1414.4699560332192,0.007447864037523239,1,AES,Gold
1415.6814851001466,0.014586653638162589,1,AES,Gold
1416.8930141670737,-0.007447864037525335,1,AES,Gold
1418.1045432340009,-0.004370039298222054,1,AES,Gold
1419.3160723009282,0.004453098875917422,1,AES,Gold
1420.5276013678554,-0.010216614339946204,1,AES,Gold
1421.7391304347825,-0.0044530988759212565,1,AES,Gold
1422.9506595017099,0.01039127360859379,1,AES,Gold
1424.162188568637,0.0,1,AES,Gold
1425.3737176355642,-0.010391273608592813,1,AES,Gold
1426.5852467024913,0.004638182235641903,1,AES,Gold
1427.7967757694187,0.011066246310496863,1,AES,Gold
1429.0083048363458,0.0016406122562737165,1,AES,Gold
1430.219833903273,-0.00850846331455817,1,AES,Gold
1431.4313629702003,-0.003581103520485944,1,AES,Gold
1432.6428920371275,0.0013131453630762114,1,AES,Gold
1433.8544211040546,0.0007446627218536505,1,AES,Gold
1435.065950170982,-0.0025954982989977874,1,AES,Gold
1436.2774792379091,-0.0029697175851434105,1,AES,Gold
1437.4890083048363,-0.0012754300600172467,1,AES,Gold
1438.7005373717636,-0.00047263610813979656,1,AES,Gold
1439.9120664386908,0.0,1,AES,Gold
1441.123595505618,0.0,1,AES,Gold
1442.335124572545,0.0,1,AES,Gold
1443.5466536394724,0.0,1,AES,Gold
1444.7581827063996,0.0,1,AES,Gold
1445.9697117733267,0.0008159651697889862,1,AES,Gold
1447.181240840254,0.006313853867072969,1,AES,Gold
1448.3927699071812,0.003349341820640112,1,AES,Gold
1449.6042989741084,0.0036924642377872898,1,AES,Gold
1450.8158280410357,-0.004165306990431911,1,AES,Gold
1452.0273571079629,0.004267156643045556,1,AES,Gold
1453.23888617489,0.0,1,AES,Gold
1454.4504152418172,-0.014273474747908714,1,AES,Gold
1455.6619443087445,0.0024949302214423144,1,AES,Gold
1456.8734733756717,0.0,1,AES,Gold
1458.0850024425988,-0.0020169672514809872,1,AES,Gold
1459.2965315095262,-1.7940336748423365e-16,1,AES,Gold
1460.5080605764533,-0.00047796296996146197,1,AES,Gold
1461.7195896433805,0.0014504691704259457,1,AES,Gold
1462.9311187103078,-5.4443350209229e-16,1,AES,Gold
1464.142647777235,0.0005474392776425404,1,AES,Gold
1465.354176844162,0.0,1,AES,Gold
1466.5657059110893,0.0005080794151943669,1,AES,Gold
1467.7772349780166,0.001015631321244275,1,AES,Gold
1468.9887640449438,0.0036814899975935733,1,AES,Gold
1470.200293111871,-0.0004476371318283294,1,AES,Gold
1471.4118221787983,-0.006187477860856201,1,AES,Gold
1472.6233512457254,-1.3276305666533378e-05,1,AES,Gold
1473.8348803126526,0.002464295062770102,1,AES,Gold
1475.04640937958,-0.0003330980293868446,1,AES,Gold
1476.257938446507,-0.002280178981214665,1,AES,Gold
1477.4694675134342,-0.00022161985436209365,1,AES,Gold
1478.6809965803614,-0.0001841160815559399,1,AES,Gold
1479.8925256472887,0.0,1,AES,Gold
1481.1040547142159,0.007935742630653003,1,AES,Gold
1482.315583781143,2.9786804436798358e-15,1,AES,Gold
1483.5271128480704,-0.00793574263065077,1,AES,Gold
1484.7386419149975,0.020012636209723635,1,AES,Gold
1485.9501709819247,0.004059204351564074,1,AES,Gold
1487.161700048852,-0.020012636209719523,1,AES,Gold
1488.3732291157792,0.00160031301270478,1,AES,Gold
1489.5847581827063,2.1242994484824844e-15,1,AES,Gold
1490.7962872496337,0.005612264445171917,1,AES,Gold
1492.0078163165608,0.0,1,AES,Gold
1493.219345383488,-0.0015417991443841357,1,AES,Gold
1494.430874450415,0.010006318104862653,1,AES,Gold
1495.6424035173425,-0.008324695684879087,1,AES,Gold
1496.8539325842696,-0.007131628422388281,1,AES,Gold
1498.0654616511968,0.00047162590802474197,1,AES,Gold
1499.2769907181241,-0.0028746896824734317,1,AES,Gold
1500.4885197850513,0.00812940521666808,1,AES,Gold
1501.7000488519784,0.00019872038609146294,1,AES,Gold
1502.9115779189058,-0.010006318104859075,1,AES,Gold
1504.123106985833,0.004173249364728842,1,AES,Gold
1505.33463605276,0.010026505946697517,1,AES,Gold
1506.5461651196872,-0.004371969750813253,1,AES,Gold
1507.7576941866146,-0.010026505946694698,1,AES,Gold
1508.9692232535417,0.0,1,AES,Gold
1510.1807523204689,0.011701063954600044,1,AES,Gold
1511.3922813873962,-4.391993540364604e-15,1,AES,Gold
1512.6038104543234,-0.0042663462948976764,1,AES,Gold
1513.8153395212505,0.007609727280380427,1,AES,Gold
1515.0268685881779,-0.0074347176597064244,1,AES,Gold
1516.238397655105,-0.005028929784531749,1,AES,Gold
1517.4499267220322,0.007386092980541969,1,AES,Gold
1518.6614557889593,-0.0025807974958454985,1,AES,Gold
1519.8729848558867,-0.00738609298053989,1,AES,Gold
1521.0845139228138,0.0,1,AES,Gold
1522.296042989741,0.0,1,AES,Gold
1523.5075720566683,0.0,1,AES,Gold
1524.7191011235955,0.0,1,AES,Gold
1525.9306301905226,0.010160914142511218,1,AES,Gold
1527.14215925745,-3.813898415670527e-15,1,AES,Gold
1528.3536883243771,-0.009100506341673937,1,AES,Gold
1529.5652173913043,0.010006318104859397,1,AES,Gold
1530.7767464582316,0.00044040110888269994,1,AES,Gold
1531.9882755251588,-0.006225591514683825,1,AES,Gold
1533.199804592086,-0.0015008089097261576,1,AES,Gold
1534.411333659013,-0.0020840781412470584,1,AES,Gold
1535.6228627259404,0.005568469744376317,1,AES,Gold
1536.8343917928676,-0.0016966484489317657,1,AES,Gold
1538.0459208597947,0.002017995979269822,1,AES,Gold
1539.257449926722,0.001900589401764899,1,AES,Gold
1540.4689789936492,-0.00758646572364891,1,AES,Gold
1541.6805080605764,-0.0019005894017677465,1,AES,Gold
1542.8920371275037,0.0025324631793339413,1,AES,Gold
1544.1035661944309,0.00034474579474133706,1,AES,Gold
1545.315095261358,0.009917548186441331,1,AES,Gold
1546.5266243282852,-0.0003447457947366964,1,AES,Gold
1547.7381533952125,-0.011681823336009783,1,AES,Gold
1548.9496824621397,0.0,1,AES,Gold
1550.1612115290668,-0.0007681880297617489,1,AES,Gold
1551.3727405959942,0.0,1,AES,Gold
1552.5842696629213,0.0,1,AES,Gold
1553.7957987298485,0.005606680212327119,1,AES,Gold
1555.0073277967758,0.004949972203839931,1,AES,Gold
1556.218856863703,-0.002843747192749546,1,AES,Gold
1557.43038593063,-0.00494997220384157,1,AES,Gold
1558.6419149975573,-0.002762933019579411,1,AES,Gold
1559.8534440644846,0.0055023771722851516,1,AES,Gold
1561.0649731314118,0.0006428005844477537,1,AES,Gold
1562.276502198339,0.015023972349677672,1,AES,Gold
1563.4880312652663,0.0011412132678282165,1,AES,Gold
1564.6995603321934,-0.019655251773987862,1,AES,Gold
1565.9110893991206,-0.001784013852283167,1,AES,Gold
1567.122618466048,-0.0002653819626375323,1,AES,Gold
1568.334147532975,0.0,1,AES,Gold
1569.5456765999022,0.0026061285847964284,1,AES,Gold
1570.7572056668296,0.004339417170349681,1,AES,Gold
1571.9687347337567,-0.003211844370140048,1,AES,Gold
1573.1802638006839,-0.004339417170350479,1,AES,Gold
1574.391792867611,0.0,1,AES,Gold
1575.6033219345384,0.0023041506722586225,1,AES,Gold
1576.8148510014655,0.0,1,AES,Gold
1578.0263800683927,-0.0023041506722586225,1,AES,Gold
1579.23790913532,0.0017625175970956719,1,AES,Gold
1580.4494382022472,0.0113077649355647,1,AES,Gold
1581.6609672691743,-0.0017625175970914274,1,AES,Gold
1582.8724963361017,-0.007504532519414343,1,AES,Gold
1584.0840254030288,0.0003711621862794255,1,AES,Gold
1585.295554469956,-0.0038032324161468194,1,AES,Gold
1586.507083536883,0.0037975914595817935,1,AES,Gold
1587.7186126038105,-1.5647413906148376e-15,1,AES,Gold
1588.9301416707376,-0.0029559136866251375,1,AES,Gold
1590.1416707376648,0.0014591591965077678,1,AES,Gold
1591.3531998045921,-0.0012128399592374957,1,AES,Gold
1592.5647288715193,0.003040553545609459,1,AES,Gold
1593.7762579384464,1.6889668643422875e-15,1,AES,Gold
1594.9877870053738,-0.004499712742115917,1,AES,Gold
1596.199316072301,0.0024335051628722455,1,AES,Gold
1597.410845139228,0.0,1,AES,Gold
1598.6223742061552,-0.0023056808689190115,1,AES,Gold
1599.8339032730826,-4.7978839832301704e-17,1,AES,Gold
1601.0454323400097,0.004797588533899784,1,AES,Gold
1602.2569614069369,0.0021531396196438563,1,AES,Gold
1603.4684904738642,-0.0049254128278527045,1,AES,Gold
1604.6800195407914,0.0015560905743150213,1,AES,Gold
1605.8915486077185,0.006305713284743214,1,AES,Gold
1607.1030776746459,-0.0011791102405631654,1,AES,Gold
1608.314606741573,-0.006258755798054324,1,AES,Gold
1609.5261358085002,-0.0025301199533955543,1,AES,Gold
1610.7376648754273,-4.695748668927593e-05,1,AES,Gold
1611.9491939423547,0.0,1,AES,Gold
1613.1607230092818,0.0,1,AES,Gold
1614.372252076209,0.0,1,AES,Gold
1615.5837811431363,0.00025695313211034825,1,AES,Gold
1616.7953102100635,0.0024025841611496433,1,AES,Gold
1618.0068392769906,-0.0002569531321094464,1,AES,Gold
1619.218368343918,0.00981041155864491,1,AES,Gold
1620.4298974108451,0.020305079718810907,1,AES,Gold
1621.6414264777723,-0.012212995719786256,1,AES,Gold
1622.8529555446996,-0.020305079718805196,1,AES,Gold
1624.0644846116268,0.0,1,AES,Gold
1625.276013678554,0.0,1,AES,Gold
1626.487542745481,0.0027211609988087066,1,AES,Gold
1627.6990718124084,0.006943190508470794,1,AES,Gold
1628.9106008793356,0.0028069076731084973,1,AES,Gold
1630.1221299462627,-0.00694319050846974,1,AES,Gold
1631.33365901319,0.0012335775381726516,1,AES,Gold
1632.5451880801172,0.000674326909353253,1,AES,Gold
1633.7567171470444,-0.006761646210088811,1,AES,Gold
1634.9682462139717,-0.0006743269093530633,1,AES,Gold
1636.1797752808989,0.010006318104861817,1,AES,Gold
1637.391304347826,0.0,1,AES,Gold
1638.6028334147531,-0.00923334299180987,1,AES,Gold
1639.8143624816805,0.0007283326048730724,1,AES,Gold
1641.0258915486077,-0.0007591589531850585,1,AES,Gold
1642.2374206155348,0.0012535346519458777,1,AES,Gold
1643.4489496824622,0.00538672567840454,1,AES,Gold
1644.6604787493893,0.002325127141727389,1,AES,Gold
1645.8720078163165,0.004605776266587295,1,AES,Gold
1647.0835368832438,-0.004306994398549725,1,AES,Gold
1648.295065950171,-0.005768423208760535,1,AES,Gold
1649.506595017098,0.0,1,AES,Gold
1650.7181240840252,-0.004237894896101681,1,AES,Gold
1651.9296531509526,0.0,1,AES,Gold
1653.1411822178798,0.0,1,AES,Gold
1654.352711284807,0.012462288597068551,1,AES,Gold
1655.5642403517343,0.0034433813734357625,1,AES,Gold
1656.7757694186614,-0.012462288597072055,1,AES,Gold
1657.9872984855886,-0.00344338137344044,1,AES,Gold
1659.198827552516,0.0,1,AES,Gold
1660.410356619443,0.0017771473933003517,1,AES,Gold
1661.6218856863702,6.670521502944418e-16,1,AES,Gold
1662.8334147532976,-0.000945462165537755,1,AES,Gold
1664.0449438202247,0.0,1,AES,Gold
1665.2564728871519,0.001795869274697478,1,AES,Gold
1666.468001954079,0.0005423934852301884,1,AES,Gold
1667.6795310210064,-0.0026275545024589606,1,AES,Gold
1668.8910600879335,0.004885024039243756,1,AES,Gold
1670.1025891548607,2.037180789783627e-15,1,AES,Gold
1671.314118221788,-0.005427417524471582,1,AES,Gold
1672.5256472887152,0.0,1,AES,Gold
1673.7371763556423,0.0,1,AES,Gold
1674.9487054225697,0.0,1,AES,Gold
1676.1602344894968,0.0,1,AES,Gold
1677.371763556424,0.0077639794939046375,1,AES,Gold
1678.583292623351,2.914209162264884e-15,1,AES,Gold
1679.7948216902785,-0.007763979493902452,1,AES,Gold
1681.0063507572056,0.006672944830974661,1,AES,Gold
1682.2178798241328,2.5046893775262345e-15,1,AES,Gold
1683.4294088910601,-0.006672944830972784,1,AES,Gold
1684.6409379579873,0.014723125179327582,1,AES,Gold
1685.8524670249144,5.526324010573984e-15,1,AES,Gold
1687.0639960918418,-0.00644069733829792,1,AES,Gold
1688.275525158769,0.0030749409870469415,1,AES,Gold
1689.487054225696,-0.008282427841024743,1,AES,Gold
1690.6985832926232,0.0067101929444197995,1,AES,Gold
1691.9101123595506,-3.672849339628678e-15,1,AES,Gold
1693.1216414264777,-0.006419132467059991,1,AES,Gold
1694.3331704934049,0.0013575334140788276,1,AES,Gold
1695.5446995603322,0.002538445930991604,1,AES,Gold
1696.7562286272594,0.005725180173858239,1,AES,Gold
1697.9677576941865,-0.005759282748527041,1,AES,Gold
1699.1792867611139,0.0029236045169285076,1,AES,Gold
1700.390815828041,0.001941180269320088,1,AES,Gold
1701.6023448949682,-0.010006318104861817,1,AES,Gold
1702.8138739618953,0.007045991275647264,1,AES,Gold
1704.0254030288227,0.0006192979254422649,1,AES,Gold
1705.2369320957498,-0.009132336191841423,1,AES,Gold
1706.448461162677,0.0002183763189113509,1,AES,Gold
1707.6599902296043,-3.144209692743015e-16,1,AES,Gold
1708.8715192965315,-0.0008376742443572795,1,AES,Gold
1710.0830483634586,0.005444845938194328,1,AES,Gold
1711.294577430386,-2.043722543660547e-15,1,AES,Gold
1712.506106497313,-0.00544484593819586,1,AES,Gold
1713.7176355642403,0.002434153370334224,1,AES,Gold
1714.9291646311676,0.00537812533468012,1,AES,Gold
1716.1406936980948,0.0008268801676973624,1,AES,Gold
1717.352222765022,-0.0008602451598364837,1,AES,Gold
1718.563751831949,-0.0032610335380308816,1,AES,Gold
1719.7752808988764,-0.004517880174842774,1,AES,Gold
1720.9868099658036,0.006809759852520001,1,AES,Gold
1722.1983390327307,2.5560428863339164e-15,1,AES,Gold
1723.409868099658,0.0031965582523446703,1,AES,Gold
1724.6213971665852,0.006024432431615232,1,AES,Gold
1725.8329262335124,-0.007483366073612296,1,AES,Gold
1727.0444553004397,-0.003956613433796897,1,AES,Gold
1728.2559843673669,0.007297080997196246,1,AES,Gold
1729.467513434294,-0.0020678189978173924,1,AES,Gold
1730.6790425012211,-0.005611529178863291,1,AES,Gold
1731.8905715681485,0.0002586005372508969,1,AES,Gold
1733.1021006350757,-0.0029902210815147055,1,AES,Gold
1734.3136297020028,0.00667423741816747,1,AES,Gold
1735.5251587689302,0.0010851622658496042,1,AES,Gold
1736.7366878358573,-0.004491230772962968,1,AES,Gold
1737.9482169027845,0.0025612413718168027,1,AES,Gold
1739.1597459697118,-0.00244160718245961,1,AES,Gold
1740.371275036639,-0.004864686405738382,1,AES,Gold
1741.582804103566,0.0,1,AES,Gold
1742.7943331704932,0.0,1,AES,Gold
1744.0058622374206,0.009326558918929402,1,AES,Gold
1745.2173913043478,0.0,1,AES,Gold
1746.428920371275,-0.009326558918929402,1,AES,Gold
1747.6404494382023,0.0,1,AES,Gold
1748.8519785051294,0.001394337485481361,1,AES,Gold
1750.0635075720566,0.0037000266482540675,1,AES,Gold
1751.275036638984,0.002508604280698951,1,AES,Gold
1752.486565705911,-0.003700026648254586,1,AES,Gold
1753.6980947728382,-0.0039029417661813077,1,AES,Gold
1754.9096238397656,0.001281728148473919,1,AES,Gold
1756.1211529066927,0.0,1,AES,Gold
1757.3326819736199,0.006008881342927323,1,AES,Gold
1758.544211040547,0.002226967676310642,1,AES,Gold
1759.7557401074744,0.006048972500163282,1,AES,Gold
1760.9672691744015,0.0007797338949773083,1,AES,Gold
1762.1787982413286,-0.008016930925774837,1,AES,Gold
1763.390327308256,-0.0021856226983158825,1,AES,Gold
1764.6018563751832,-0.00532265106578872,1,AES,Gold
1765.8133854421103,0.0009918285802357155,1,AES,Gold
1767.0249145090377,-6.804746862897891e-16,1,AES,Gold
1768.2364435759648,-0.0018129074532073357,1,AES,Gold
1769.447972642892,0.0026596340851214777,1,AES,Gold
1770.659501709819,0.005616613159186728,1,AES,Gold
1771.8710307767465,-0.0025631503161296014,1,AES,Gold
1773.0825598436736,-0.004215806184941467,1,AES,Gold
1774.2940889106007,0.01763075298391976,1,AES,Gold
1775.5056179775281,-0.0003087969910531408,1,AES,Gold
1776.7171470444553,-0.005926503986520943,1,AES,Gold
1777.9286761113824,0.01147935079290381,1,AES,Gold
1779.1402051783098,-0.011800732766397919,1,AES,Gold
1780.351734245237,-0.00915434849508889,1,AES,Gold
1781.563263312164,0.001728860912059982,1,AES,Gold
1782.7747923790912,0.002433057430665071,1,AES,Gold
1783.9863214460186,0.0013245598471232068,1,AES,Gold
1785.1978505129457,-0.00585006971167938,1,AES,Gold
1786.4093795798728,-0.003053420759184898,1,AES,Gold
1787.6209086468002,0.0,1,AES,Gold
1788.8324377137274,0.0,1,AES,Gold
1790.0439667806545,0.0,1,AES,Gold
1791.2554958475819,0.0026696781113669196,1,AES,Gold
1792.467024914509,0.007574364723299812,1,AES,Gold
1793.6785539814362,-0.0008795241804108815,1,AES,Gold
1794.8900830483635,-0.007574364723298353,1,AES,Gold
1796.1016121152907,0.00022647801253553618,1,AES,Gold
1797.3131411822178,0.005427689604777128,1,AES,Gold
1798.524670249145,-0.0020166319434873872,1,AES,Gold
1799.7361993160723,-0.0054276896047756006,1,AES,Gold
1800.9477283829995,6.662281808084578e-05,1,AES,Gold
1802.1592574499266,2.500687012627137e-17,1,AES,Gold
1803.370786516854,0.0028738521828055607,1,AES,Gold
1804.582315583781,0.0,1,AES,Gold
1805.7938446507083,-0.0010375567590780183,1,AES,Gold
1807.0053737176356,-7.142602295220086e-16,1,AES,Gold
1808.2169027845628,-0.0019029182418089047,1,AES,Gold
1809.42843185149,0.0032765824987251355,1,AES,Gold
1810.639960918417,0.010006318104860232,1,AES,Gold
1811.8514899853444,0.004556592415832828,1,AES,Gold
1813.0630190522716,-0.010006318104861817,1,AES,Gold
1814.2745481191987,-0.0068140483380624015,1,AES,Gold
1815.486077186126,0.004230052125618984,1,AES,Gold
1816.6976062530532,-0.0010191265764986823,1,AES,Gold
1817.9091353199804,-0.004230052125619366,1,AES,Gold
1819.1206643869077,0.0,1,AES,Gold
1820.3321934538349,0.0057268379528758505,1,AES,Gold
1821.543722520762,0.0,1,AES,Gold
1822.7552515876891,0.005876660554996007,1,AES,Gold
1823.9667806546165,-4.355372356730944e-15,1,AES,Gold
1825.1783097215437,-0.010766409394736479,1,AES,Gold
1826.3898387884708,0.006994713286741884,1,AES,Gold
1827.6013678553982,0.008262161271621143,1,AES,Gold
1828.8128969223253,0.002355869292765015,1,AES,Gold
1830.0244259892524,-0.003618334244956482,1,AES,Gold
1831.2359550561798,-0.0047056324941897425,1,AES,Gold
1832.447484123107,-0.0027933281909490377,1,AES,Gold
1833.659013190034,-0.0011144543821541544,1,AES,Gold
1834.8705422569612,-0.002687587948854154,1,AES,Gold
1836.0820713238886,-0.003530495703162653,1,AES,Gold
1837.2936003908158,0.0,1,AES,Gold
1838.505129457743,0.0,1,AES,Gold
1839.7166585246703,0.0,1,AES,Gold
1840.9281875915974,0.0031586791352560886,1,AES,Gold
1842.1397166585245,0.004333080156934723,1,AES,Gold
1843.351245725452,-0.002757682551870824,1,AES,Gold
1844.562774792379,0.0023687112894605726,1,AES,Gold
1845.7743038593062,-0.00040099658338348663,1,AES,Gold
1846.9858329262336,-0.006701791446393443,1,AES,Gold
1848.1973619931607,0.0,1,AES,Gold
1849.4088910600879,0.0,1,AES,Gold
1850.620420127015,0.0,1,AES,Gold
1851.8319491939424,0.0,1,AES,Gold
1853.0434782608695,0.00686471610551932,1,AES,Gold
1854.2550073277966,0.0028612401236655007,1,AES,Gold
1855.466536394724,-0.006864716105518461,1,AES,Gold
1856.6780654616512,0.005548566120693124,1,AES,Gold
1857.8895945285783,0.005538373317306825,1,AES,Gold
1859.1011235955057,-0.005769523342443319,1,AES,Gold
1860.3126526624328,0.004467944787556591,1,AES,Gold
1861.52418172936,-0.002640282901912998,1,AES,Gold
1862.735710796287,-0.010006318104862756,1,AES,Gold
1863.9472398632145,0.014944671834756137,1,AES,Gold
1865.1587689301416,0.008548119965236732,1,AES,Gold
1866.3702979970687,-0.00794481686727239,1,AES,Gold
1867.5818270639961,-0.008548119965236954,1,AES,Gold
1868.7933561309233,-0.006999854967482506,1,AES,Gold
1870.0048851978504,0.0006390328403937701,1,AES,Gold
1871.2164142647778,0.010006318104862515,1,AES,Gold
1872.427943331705,0.0008267935752197804,1,AES,Gold
1873.639472398632,-0.010006318104861817,1,AES,Gold
1874.8510014655592,-0.0014658264156138681,1,AES,Gold
1876.0625305324866,0.0,1,AES,Gold
1877.2740595994137,0.002329591014903959,1,AES,Gold
1878.4855886663408,8.744118251848713e-16,1,AES,Gold
1879.6971177332682,-0.002329591014903303,1,AES,Gold
1880.9086468001954,0.0,1,AES,Gold
1882.1201758671225,0.0,1,AES,Gold
1883.3317049340499,0.00803859139229169,1,AES,Gold
1884.543234000977,0.0075351513563438124,1,AES,Gold
1885.7547630679042,0.0019677267125701395,1,AES,Gold
1886.9662921348315,0.0024711667485173066,1,AES,Gold
1888.1778212017587,-0.007880048501328495,1,AES,Gold
1889.3893502686858,-0.010006318104861817,1,AES,Gold
1890.600879335613,-0.0007573997586932674,1,AES,Gold
1891.8124084025403,0.003474792373271736,1,AES,Gold
1893.0239374694675,0.004196262595138807,1,AES,Gold
1894.2354665363946,-0.003474792373270161,1,AES,Gold
1895.446995603322,-0.00556513243997788,1,AES,Gold
1896.658524670249,0.0,1,AES,Gold
1897.8700537371762,0.0,1,AES,Gold
1899.0815828041036,0.0,1,AES,Gold
1900.2931118710308,0.0016662990776627475,1,AES,Gold
1901.504640937958,0.004143843642950014,1,AES,Gold
1902.716170004885,-0.0016662990776613483,1,AES,Gold
1903.9276990718124,0.002626703780655041,1,AES,Gold
1905.1392281387396,0.0,1,AES,Gold
1906.3507572056667,-0.006770547423603887,1,AES,Gold
1907.562286272594,0.0,1,AES,Gold
1908.7738153395212,0.0,1,AES,Gold
1909.9853444064483,0.004009859394080513,1,AES,Gold
1911.1968734733757,0.003342181787144417,1,AES,Gold
1912.4084025403029,-0.004009859394081642,1,AES,Gold
1913.61993160723,-0.0030383248156754332,1,AES,Gold
1914.8314606741571,0.0023402007718170467,1,AES,Gold
1916.0429897410845,-0.0003038569714709684,1,AES,Gold
1917.2545188080117,-0.0023402007718175914,1,AES,Gold
1918.4660478749388,0.0036026313807839844,1,AES,Gold
1919.6775769418662,-1.3522474378492458e-15,1,AES,Gold
1920.8891060087933,-0.002271109224964852,1,AES,Gold
1922.1006350757204,0.010006318104859501,1,AES,Gold
1923.3121641426478,0.0007841142746598875,1,AES,Gold
1924.523693209575,-0.010006318104861817,1,AES,Gold
1925.735222276502,-0.0021156364304834143,1,AES,Gold
1926.9467513434295,0.00528303304485472,1,AES,Gold
1928.1582804103566,0.0,1,AES,Gold
1929.3698094772838,-0.005283033044854225,1,AES,Gold
1930.581338544211,0.0009097431907797878,1,AES,Gold
1931.7928676111383,0.005209997455966429,1,AES,Gold
1933.0043966780654,0.009096574914081773,1,AES,Gold
1934.2159257449925,-0.0049302295544995526,1,AES,Gold
1935.42745481192,0.0019450289309451895,1,AES,Gold
1936.638983878847,0.0028640254397097613,1,AES,Gold
1937.8505129457742,-0.011151042174936437,1,AES,Gold
1939.0620420127016,-0.0031437933411727166,1,AES,Gold
1940.2735710796287,-0.0008003048608669039,1,AES,Gold
1941.4851001465559,0.0003907320371759534,1,AES,Gold
1942.696629213483,0.010006318104859148,1,AES,Gold
1943.9081582804104,-0.0003907320371795993,1,AES,Gold
1945.1196873473375,-0.00802616704136922,1,AES,Gold
1946.3312164142646,0.01410639218373185,1,AES,Gold
1947.542745481192,0.00802616704136542,1,AES,Gold
1948.7542745481192,-0.014106392183735075,1,AES,Gold
1949.9658036150463,-0.007197953805816383,1,AES,Gold
1951.1773326819737,0.009332402579623023,1,AES,Gold
1952.3888617489008,-0.0027140480519367368,1,AES,Gold
1953.600390815828,-0.0093324025796232,1,AES,Gold
1954.811919882755,-9.431624711043327e-05,1,AES,Gold
1956.0234489496825,0.00623617423688458,1,AES,Gold
1957.2349780166096,0.0,1,AES,Gold
1958.4465070835367,-0.00623617423688458,1,AES,Gold
1959.658036150464,0.0,1,AES,Gold
1960.8695652173913,0.0,1,AES,Gold
1962.0810942843184,0.0005564088914339697,1,AES,Gold
1963.2926233512458,0.007369228102847353,1,AES,Gold
1964.504152418173,0.0009090163725511708,1,AES,Gold
1965.7156814851,-0.007369228102846872,1,AES,Gold
1966.9272105520272,-0.0014654252639854344,1,AES,Gold
1968.1387396189546,0.0,1,AES,Gold
1969.3502686858817,0.004005615605799337,1,AES,Gold
1970.5617977528088,1.503507538639953e-15,1,AES,Gold
1971.7733268197362,-0.004005615605798209,1,AES,Gold
1972.9848558866634,0.01448332000815793,1,AES,Gold
1974.1963849535905,0.001355085565803427,1,AES,Gold
1975.4079140205179,-0.014483320008154364,1,AES,Gold
1976.619443087445,-0.001355085565798372,1,AES,Gold
1977.8309721543721,0.015215446317697194,1,AES,Gold
1979.0425012212995,0.0005137727334262768,1,AES,Gold
1980.2540302882267,-0.015215446317701473,1,AES,Gold
1981.4655593551538,0.003655672403424655,1,AES,Gold
1982.677088422081,1.5650009417113347e-15,1,AES,Gold
1983.8886174890083,0.004327472235033784,1,AES,Gold
1985.1001465559355,0.004898889695249143,1,AES,Gold
1986.3116756228626,-0.008496917371887366,1,AES,Gold
1987.52320468979,0.0009115534259089364,1,AES,Gold
1988.734733756717,0.0003077795070801887,1,AES,Gold
1989.9462628236442,-0.0019424262226025995,1,AES,Gold
1991.1577918905716,0.0018908750518911942,1,AES,Gold
1992.3693209574988,-0.0038680168985550743,1,AES,Gold
1993.580850024426,-0.0021986545589725423,1,AES,Gold
1994.792379091353,0.004671703599060368,1,AES,Gold
1996.0039081582804,-1.7535236205169982e-15,1,AES,Gold
1997.2154372252076,-0.004671703599061683,1,AES,Gold
1998.4269662921347,0.0,1,AES,Gold
1999.638495359062,0.0019213636533667296,1,AES,Gold
2000.8500244259892,0.00935521519256564,1,AES,Gold
2002.0615534929163,-0.0019213636533632183,1,AES,Gold
2003.2730825598437,-0.009245360408794463,1,AES,Gold
2004.4846116267709,0.006405560035669286,1,AES,Gold
2005.696140693698,-0.00010985478376853538,1,AES,Gold
2006.9076697606251,-0.004353688826028697,1,AES,Gold
2008.1191988275525,-7.701697156232876e-16,1,AES,Gold
2009.3307278944797,-0.00010915283300705644,1,AES,Gold
2010.5422569614068,7.291992073567392e-16,1,AES,Gold
2011.7537860283342,0.0025283627459816733,1,AES,Gold
2012.9653150952613,0.005385754094605229,1,AES,Gold
2014.1768441621884,0.007274680055782594,1,AES,Gold
2015.3883732291158,-0.0027566498265476744,1,AES,Gold
2016.599902296043,-0.00026169382448162725,1,AES,Gold
2017.81143136297,-0.001747414570954512,1,AES,Gold
2019.0229604298975,-0.011484067353915188,1,AES,Gold
2020.2344894968246,0.000653607726578622,1,AES,Gold
2021.4460185637517,0.0,1,AES,Gold
2022.657547630679,-0.0007711909298159209,1,AES,Gold
2023.8690766976063,0.005976368269688805,1,AES,Gold
2025.0806057645334,0.009242211610996883,1,AES,Gold
2026.2921348314605,-0.0008060989879622096,1,AES,Gold
2027.503663898388,-0.004032138218172461,1,AES,Gold
2028.715192965315,-0.005170269281724582,1,AES,Gold
2029.9267220322422,-0.005974179886688481,1,AES,Gold
2031.1382510991696,0.0,1,AES,Gold
2032.3497801660967,0.005882917085489464,1,AES,Gold
2033.5613092330238,0.0,1,AES,Gold
2034.772838299951,-0.005882917085490016,1,AES,Gold
2035.9843673668784,0.010006318104862756,1,AES,Gold
2037.1958964338055,0.013819208397608503,1,AES,Gold
2038.4074255007326,-0.0075264400991175776,1,AES,Gold
2039.61895456766,-0.013819208397605543,1,AES,Gold
2040.8304836345872,-0.002479878005740689,1,AES,Gold
2042.0420127015143,0.0,1,AES,Gold
2043.2535417684417,0.0,1,AES,Gold
2044.4650708353688,0.007327032537076555,1,AES,Gold
2045.676599902296,0.0,1,AES,Gold
2046.888128969223,-0.0018062362647306171,1,AES,Gold
2048.0996580361507,0.006900396164355494,1,AES,Gold
2049.311187103078,-0.0009926506028741955,1,AES,Gold
2050.522716170005,-0.006900396164358342,1,AES,Gold
2051.734245236932,-0.0026969038553414744,1,AES,Gold
2052.9457743038593,0.0,1,AES,Gold
2054.1573033707864,0.008175076290727066,1,AES,Gold
2055.3688324377135,0.0014712311361188921,1,AES,Gold
2056.5803615046407,-0.010006318104861817,1,AES,Gold
2057.791890571568,0.003915853478065118,1,AES,Gold
2059.0034196384954,-4.0440836694334395e-15,1,AES,Gold
2060.2149487054226,-0.004474663216901397,1,AES,Gold
2061.4264777723497,0.0012849391418410427,1,AES,Gold
2062.638006839277,-0.000912421397285128,1,AES,Gold
2063.8495359062044,0.0013761907740885019,1,AES,Gold
2065.0610649731316,0.0,1,AES,Gold
2066.2725940400587,0.001290906560510718,1,AES,Gold
2067.484123106986,0.0,1,AES,Gold
2068.695652173913,-0.003378803081015869,1,AES,Gold
2069.90718124084,0.008794607939065481,1,AES,Gold
2071.1187103077673,-0.0005732333954231711,1,AES,Gold
2072.3302393746944,-0.008794607939067134,1,AES,Gold
2073.541768441622,0.012337304983060024,1,AES,Gold
2074.753297508549,0.000814548323288056,1,AES,Gold
2075.9648265754763,-0.010746914485909927,1,AES,Gold
2077.1763556424035,0.001404310139592655,1,AES,Gold
2078.3878847093306,0.001288583652612118,1,AES,Gold
2079.5994137762577,0.0028145259698591817,1,AES,Gold
2080.810942843185,0.00898620233286845,1,AES,Gold
2082.0224719101125,-0.005033384432745966,1,AES,Gold
2083.2340009770396,-0.008814511906942301,1,AES,Gold
2084.4455300439668,0.00861749798782306,1,AES,Gold
2085.657059110894,-0.0030506645756894924,1,AES,Gold
2086.868588177821,-0.00861749798782306,1,AES,Gold
2088.080117244748,0.0050215043707224375,1,AES,Gold
2089.291646311676,-3.769642631592895e-15,1,AES,Gold
2090.503175378603,-0.005021504370725265,1,AES,Gold
2091.71470444553,0.0038437412681036768,1,AES,Gold
2092.926233512457,0.0,1,AES,Gold
2094.1377625793843,-0.0038437412681036768,1,AES,Gold
2095.3492916463115,0.0015057987436640926,1,AES,Gold
2096.5608207132386,0.0008640698019315651,1,AES,Gold
2097.772349780166,0.001712137852481185,1,AES,Gold
2098.9838788470934,-0.000864069801930921,1,AES,Gold
2100.1954079140205,0.009115730436095088,1,AES,Gold
2101.4069369809476,0.0,1,AES,Gold
2102.618466047875,-0.008982565200334525,1,AES,Gold
2103.829995114802,0.0027911882090444194,1,AES,Gold
2105.0415241817295,-0.003351101831905248,1,AES,Gold
2106.2530532486567,0.012140935299334807,1,AES,Gold
2107.464582315584,0.0,1,AES,Gold
2108.676111382511,-0.0012606110970520708,1,AES,Gold
2109.887640449438,0.0016659444074157985,1,AES,Gold
2111.0991695163652,-0.005333865821247539,1,AES,Gold
2112.3106985832924,-0.0016659444074098525,1,AES,Gold
2113.52222765022,-0.00833764659007398,1,AES,Gold
2114.733756717147,0.0,1,AES,Gold
2115.9452857840743,0.0,1,AES,Gold
2117.1568148510014,0.0036283821661482175,1,AES,Gold
2118.3683439179285,0.0,1,AES,Gold
2119.5798729848557,-0.0036283821661482175,1,AES,Gold
2120.791402051783,0.0,1,AES,Gold
2122.0029311187104,0.004310411932043803,1,AES,Gold
2123.2144601856376,0.007759012297246243,1,AES,Gold
2124.4259892525647,-0.004310411932042994,1,AES,Gold
2125.637518319492,-0.007759012297246243,1,AES,Gold
2126.849047386419,0.0003177430994962263,1,AES,Gold
2128.060576453346,0.005270055865533766,1,AES,Gold
2129.2721055202737,-0.0003177430995000036,1,AES,Gold
2130.483634587201,-0.004188860138924285,1,AES,Gold
2131.695163654128,0.0044233083424962405,1,AES,Gold
2132.906692721055,0.001191670772012951,1,AES,Gold
2134.1182217879823,-0.0035634026980657517,1,AES,Gold
2135.3297508549094,0.002267685485143904,1,AES,Gold
2136.5412799218366,-0.0008599056444272418,1,AES,Gold
2137.752808988764,-0.0014658402899707613,1,AES,Gold
2138.9643380556913,0.0,1,AES,Gold
2140.1758671226185,-0.0030747116937951693,1,AES,Gold
2141.3873961895456,0.0023187163854049724,1,AES,Gold
2142.5989252564727,0.006230650195403125,1,AES,Gold
2143.8104543234,-0.0023187163854049724,1,AES,Gold
2145.021983390327,-0.001908595049584197,1,AES,Gold
2146.2335124572546,0.007312983185342385,1,AES,Gold
2147.4450415241818,0.0016421431813461228,1,AES,Gold
2148.656570591109,0.0001255795865779984,1,AES,Gold
2149.868099658036,-0.002598051176886429,1,AES,Gold
2151.079628724963,-0.0070964103362844595,1,AES,Gold
2152.2911577918903,-0.0033661471502825996,1,AES,Gold
2153.502686858818,0.009664165669226092,1,AES,Gold
2154.714215925745,0.0,1,AES,Gold
2155.925744992672,-0.00015934069215835377,1,AES,Gold
2157.1372740595993,0.0,1,AES,Gold
2158.3488031265265,-0.00928814417414541,1,AES,Gold
2159.5603321934536,0.0025014312895209907,1,AES,Gold
2160.771861260381,-0.00036106095230140105,1,AES,Gold
2161.9833903273084,0.005186993270913689,1,AES,Gold
2163.1949193942355,-0.0001977722862549911,1,AES,Gold
2164.4064484611627,-0.00680572268137295,1,AES,Gold
2165.61797752809,0.0,1,AES,Gold
2166.829506595017,-0.0008827018790590266,1,AES,Gold
2168.041035661944,0.0,1,AES,Gold
2169.2525647288717,0.0,1,AES,Gold
2170.464093795799,0.0,1,AES,Gold
2171.675622862726,0.0,1,AES,Gold
2172.887151929653,0.0,1,AES,Gold
2174.0986809965802,0.0,1,AES,Gold
2175.3102100635074,0.0,1,AES,Gold
2176.5217391304345,0.0034474672438451403,1,AES,Gold
2177.733268197362,0.0003739308174768823,1,AES,Gold
2178.9447972642893,-0.0034474672438470815,1,AES,Gold
2180.1563263312164,-0.00037393081747940016,1,AES,Gold
2181.3678553981435,0.0,1,AES,Gold
2182.5793844650707,0.001447714013583374,1,AES,Gold
2183.790913531998,0.006080024663226279,1,AES,Gold
2185.002442598925,-0.0014477140135790813,1,AES,Gold
2186.2139716658526,-0.0055582885556289385,1,AES,Gold
2187.4255007327797,0.0,1,AES,Gold
2188.637029799707,0.002523332984173687,1,AES,Gold
2189.848558866634,0.0009670187821172563,1,AES,Gold
2191.060087933561,-0.003045069091767506,1,AES,Gold
2192.2716170004883,-0.0009670187821174378,1,AES,Gold
2193.483146067416,0.0,1,AES,Gold
2194.694675134343,0.004880560829306522,1,AES,Gold
2195.90620420127,9.666552756489216e-05,1,AES,Gold
2197.1177332681973,0.003742873399962094,1,AES,Gold
2198.3292623351244,-9.666552756489216e-05,1,AES,Gold
2199.5407914020516,-0.008623434229268616,1,AES,Gold
2200.7523204689787,0.0,1,AES,Gold
2201.9638495359063,0.010006318104863694,1,AES,Gold
2203.1753786028335,0.0,1,AES,Gold
2204.3869076697606,-0.008794683142022752,1,AES,Gold
2205.5984367366877,0.00230747857723116,1,AES,Gold
2206.809965803615,-0.001211634962839063,1,AES,Gold
2208.021494870542,0.0017522425711757287,1,AES,Gold
2209.2330239374696,-3.0476321005798074e-15,1,AES,Gold
2210.4445530043968,0.016618739848727315,1,AES,Gold
2211.656082071324,0.007312721787990585,1,AES,Gold
2212.867611138251,-0.01661057085200636,1,AES,Gold
2214.079140205178,-0.007312721787990585,1,AES,Gold
2215.2906692721053,-0.004067890145130563,1,AES,Gold
2216.5021983390325,0.0,1,AES,Gold
2217.71372740596,0.0,1,AES,Gold
2218.925256472887,0.0,1,AES,Gold
2220.1367855398144,0.0,1,AES,Gold
2221.3483146067415,0.0,1,AES,Gold
2222.5598436736686,0.00034858531711557376,1,AES,Gold
2223.771372740596,0.0,1,AES,Gold
2224.982901807523,-0.0003485853171156392,1,AES,Gold
2226.1944308744505,0.000764985060185156,1,AES,Gold
2227.4059599413777,0.0020045575403671834,1,AES,Gold
2228.617489008305,-0.0007649850601850124,1,AES,Gold
2229.829018075232,0.0043951595789434314,1,AES,Gold
2231.040547142159,0.0,1,AES,Gold
2232.252076209086,0.0036920992393120757,1,AES,Gold
2233.463605276014,0.013218642121031576,1,AES,Gold
2234.675134342941,-0.009033992972355862,1,AES,Gold
2235.886663409868,-0.008895398200450181,1,AES,Gold
2237.0981924767952,0.0002445164436055406,1,AES,Gold
2238.3097215437224,0.005683074184275327,1,AES,Gold
2239.5212506106495,0.0003373704299197827,1,AES,Gold
2240.7327796775767,-0.010006318104862464,1,AES,Gold
2241.9443087445043,-0.0011473043745136525,1,AES,Gold
2243.1558378114314,0.0,1,AES,Gold
2244.3673668783586,-0.0004924058852843655,1,AES,Gold
2245.5788959452857,0.0,1,AES,Gold
2246.790425012213,0.0,1,AES,Gold
2248.00195407914,0.0,1,AES,Gold
2249.2134831460676,0.0004211265626921521,1,AES,Gold
2250.4250122129947,0.0007250777593473087,1,AES,Gold
2251.636541279922,-0.00042112656269207313,1,AES,Gold
2252.848070346849,0.005015928864006367,1,AES,Gold
2254.059599413776,0.0,1,AES,Gold
2255.2711284807033,-0.001343735760687938,1,AES,Gold
2256.4826575476304,0.0019376712237888815,1,AES,Gold
2257.694186614558,-0.004397270862664717,1,AES,Gold
2258.905715681485,0.006114796544778434,1,AES,Gold
2260.1172447484123,0.0,1,AES,Gold
2261.3287738153394,-0.0038833617330260002,1,AES,Gold
2262.5403028822666,0.004538448391985084,1,AES,Gold
2263.7518319491937,-0.004169106035539105,1,AES,Gold
2264.963361016121,0.011783823720861196,1,AES,Gold
2266.1748900830485,-1.225312740137997e-14,1,AES,Gold
2267.3864191499756,-0.015012813496653562,1,AES,Gold
2268.5979482169028,0.0011807696470997396,1,AES,Gold
2269.80947728383,-0.0013094586162027565,1,AES,Gold
2271.021006350757,0.0024969002828741337,1,AES,Gold
2272.232535417684,0.0035991117801209677,1,AES,Gold
2273.4440644846118,-0.0036776699299745043,1,AES,Gold
2274.655593551539,0.002317123966949521,1,AES,Gold
2275.867122618466,0.0,1,AES,Gold
2277.078651685393,-0.0012328053323585764,1,AES,Gold
2278.2901807523203,0.005110517170119369,1,AES,Gold
2279.5017098192475,-0.004683430414711177,1,AES,Gold
2280.7132388861746,-0.005110517170120328,1,AES,Gold
2281.924767953102,0.0,1,AES,Gold
2283.1362970200294,0.010006318104861817,1,AES,Gold
2284.3478260869565,0.0,1,AES,Gold
2285.5593551538836,-0.006469928319468835,1,AES,Gold
2286.770884220811,0.005943307726506412,1,AES,Gold
2287.982413287738,0.002794162766433593,1,AES,Gold
2289.1939423546655,-0.005943307726507821,1,AES,Gold
2290.4054714215927,-0.006330552551826341,1,AES,Gold
2291.61700048852,0.0,1,AES,Gold
2292.828529555447,0.0,1,AES,Gold
2294.040058622374,0.004376380897175968,1,AES,Gold
2295.2515876893012,0.0173342901621656,1,AES,Gold
2296.4631167562284,-0.0043763808971637765,1,AES,Gold
2297.674645823156,-0.017334290162155843,1,AES,Gold
2298.886174890083,0.0,1,AES,Gold
2300.0977039570103,0.011277075080887957,1,AES,Gold
2301.3092330239374,0.0,1,AES,Gold
2302.5207620908645,-0.009353615980475495,1,AES,Gold
2303.7322911577917,0.0,1,AES,Gold
2304.943820224719,-0.0019234591004128232,1,AES,Gold
2306.1553492916464,0.002477839975994002,1,AES,Gold
2307.3668783585736,2.9130177068642857e-05,1,AES,Gold
2308.5784074255007,-0.0024778399759935368,1,AES,Gold
2309.789936492428,-2.9130177068642857e-05,1,AES,Gold
2311.001465559355,0.0,1,AES,Gold
2312.212994626282,0.0,1,AES,Gold
2313.4245236932097,0.0,1,AES,Gold
2314.636052760137,0.00725115520182218,1,AES,Gold
2315.847581827064,0.0025442224199216054,1,AES,Gold
2317.059110893991,-0.00725115520182218,1,AES,Gold
2318.2706399609183,0.000617028323170983,1,AES,Gold
2319.4821690278454,0.0,1,AES,Gold
2320.6936980947726,0.002159816328593256,1,AES,Gold
2321.9052271617,0.0016766256834008333,1,AES,Gold
2323.1167562286273,-0.0053210670716894335,1,AES,Gold
2324.3282852955545,0.00035413193180339387,1,AES,Gold
2325.5398143624816,0.0,1,AES,Gold
2326.7513434294087,-0.0020307576152079074,1,AES,Gold
2327.962872496336,0.0,1,AES,Gold
2329.1744015632635,0.0006483623055069546,1,AES,Gold
2330.3859306301906,0.00785835385226687,1,AES,Gold
2331.5974596971178,0.009472384761391728,1,AES,Gold
2332.808988764045,-0.004964277130021881,1,AES,Gold
2334.020517830972,-0.00784901313660873,1,AES,Gold
2335.232046897899,-0.0028940767222449893,1,AES,Gold
2336.4435759648263,-0.002271733930290257,1,AES,Gold
2337.655105031754,0.0,1,AES,Gold
2338.866634098681,0.0,1,AES,Gold
2340.078163165608,0.0,1,AES,Gold
2341.2896922325353,0.0,1,AES,Gold
2342.5012212994625,0.0,1,AES,Gold
2343.7127503663896,0.013398694761951588,1,AES,Gold
2344.9242794333168,1.0058398291318847e-14,1,AES,Gold
2346.1358085002444,-0.012313517134743277,1,AES,Gold
2347.3473375671715,0.009407638919486256,1,AES,Gold
2348.5588666340986,0.008921140477661252,1,AES,Gold
2349.770395701026,-0.009407638919486256,1,AES,Gold
2350.981924767953,-0.010006318104861817,1,AES,Gold
2352.19345383488,0.004993740539878613,1,AES,Gold
2353.4049829018077,0.008882686306047325,1,AES,Gold
2354.616511968735,-0.004993740539881424,1,AES,Gold
2355.828041035662,0.0033765636669340327,1,AES,Gold
2357.039570102589,0.0,1,AES,Gold
2358.2510991695162,-0.01225924997298344,1,AES,Gold
2359.4626282364434,0.011994231353796946,1,AES,Gold
2360.6741573033705,9.004067806463107e-15,1,AES,Gold
2361.885686370298,-0.010843317193178732,1,AES,Gold
2363.0972154372253,0.0021213660136357327,1,AES,Gold
2364.3087445041524,0.0037740031716263917,1,AES,Gold
2365.5202735710795,-0.001676933329494984,1,AES,Gold
2366.7318026380067,0.00647865859984323,1,AES,Gold
2367.943331704934,-0.0004444326841322714,1,AES,Gold
2369.1548607718614,-0.010182868038572084,1,AES,Gold
2370.3663898387886,0.0,1,AES,Gold
2371.5779189057157,0.0015986223036752645,1,AES,Gold
2372.789447972643,0.0,1,AES,Gold
2374.00097703957,-0.0011088755494581368,1,AES,Gold
2375.212506106497,0.0,1,AES,Gold
2376.4240351734243,0.003397092085570743,1,AES,Gold
2377.635564240352,-3.834234621186683e-15,1,AES,Gold
2378.847093307279,-0.005107546733293195,1,AES,Gold
2380.058622374206,0.005723832514778477,1,AES,Gold
2381.2701514411333,0.0,1,AES,Gold
2382.4816805080604,-0.005723832514778477,1,AES,Gold
2383.6932095749876,0.0,1,AES,Gold
2384.9047386419147,0.0062341860747959915,1,AES,Gold
2386.1162677088423,-4.68000261791124e-15,1,AES,Gold
2387.3277967757695,0.018004354137380302,1,AES,Gold
2388.5393258426966,0.004790069982772624,1,AES,Gold
2389.7508549096237,-0.02322597155831872,1,AES,Gold
2390.962383976551,-0.004790069982772624,1,AES,Gold
2392.173913043478,0.0002826495490713569,1,AES,Gold
2393.3854421104056,0.0023637108156487068,1,AES,Gold
2394.5969711773328,0.001631355239086002,1,AES,Gold
2395.80850024426,0.00015640387141119684,1,AES,Gold
2397.020029311187,-0.002520252751093111,1,AES,Gold
2398.231558378114,-0.0025201146870604324,1,AES,Gold
2399.4430874450413,-0.00040632069092625057,1,AES,Gold
2400.6546165119685,0.0,1,AES,Gold
2401.866145578896,0.005142562466096916,1,AES,Gold
2403.077674645823,0.0026922588009113766,1,AES,Gold
2404.2892037127503,-0.005142562466095951,1,AES,Gold
2405.5007327796775,0.010289098709369355,1,AES,Gold
2406.7122618466046,0.0008832858165146545,1,AES,Gold
2407.923790913532,-0.012981357510280732,1,AES,Gold
2409.135319980459,-0.0008832858165148202,1,AES,Gold
2410.3468490473865,0.005098758467379116,1,AES,Gold
2411.5583781143137,0.004297797263493205,1,AES,Gold
2412.769907181241,-0.005098758467378159,1,AES,Gold
2413.981436248168,-0.0024514866055480727,1,AES,Gold
2415.192965315095,0.0,1,AES,Gold
2416.404494382022,0.008160007446910703,1,AES,Gold
2417.61602344895,-7.511741607409759e-15,1,AES,Gold
2418.827552515877,-0.006094667661498848,1,AES,Gold
2420.039081582804,0.0043231913572172554,1,AES,Gold
2421.2506106497312,-0.001584393947019878,1,AES,Gold
2422.4621397166584,-0.0010342967320434967,1,AES,Gold
2423.6736687835855,1.4028648207977393e-05,1,AES,Gold
2424.8851978505127,-0.0032888946251726186,1,AES,Gold
2426.0967269174403,-0.00038216779559244077,1,AES,Gold
2427.3082559843674,0.0036305032151718345,1,AES,Gold
2428.5197850512945,0.0014622026275706314,1,AES,Gold
2429.7313141182217,0.0017621785079394159,1,AES,Gold
2430.942843185149,-0.00020859035058945236,1,AES,Gold
2432.154372252076,-0.0037985804446643862,1,AES,Gold
2433.3659013190036,0.00164126543342945,1,AES,Gold
2434.5774303859307,0.008412216826415454,1,AES,Gold
2435.788959452858,0.005152323045495769,1,AES,Gold
2437.000488519785,-0.010006318104861817,1,AES,Gold
2438.212017586712,-0.010006318104861817,1,AES,Gold
2439.4235466536393,0.010006318104861817,1,AES,Gold
2440.6350757205664,7.511741607409759e-15,1,AES,Gold
2441.846604787494,-0.010006318104856183,1,AES,Gold
2443.058133854421,0.0,1,AES,Gold
2444.2696629213483,0.0,1,AES,Gold
2445.4811919882754,0.0009674591143491206,1,AES,Gold
2446.6927210552026,5.467803718503475e-06,1,AES,Gold
2447.9042501221297,-0.0009674591143491206,1,AES,Gold
2449.115779189057,0.0029847433861718026,1,AES,Gold
2450.3273082559845,0.0042526372960553045,1,AES,Gold
2451.5388373229116,-0.00299021118989199,1,AES,Gold
2452.7503663898387,-0.004252637296056751,1,AES,Gold
2453.961895456766,0.0,1,AES,Gold
2455.173424523693,0.0,1,AES,Gold
2456.38495359062,0.0037623378853207027,1,AES,Gold
2457.5964826575478,-2.824386526406934e-15,1,AES,Gold
2458.808011724475,-0.0037623378853228213,1,AES,Gold
2460.019540791402,0.0,1,AES,Gold
2461.231069858329,0.002882133619032756,1,AES,Gold
2462.4425989252563,0.0,1,AES,Gold
2463.6541279921835,-0.0026102907685697807,1,AES,Gold
2464.8656570591106,0.001258128287247553,1,AES,Gold
2466.077186126038,0.005899842082370034,1,AES,Gold
2467.2887151929654,-0.0012581282872480572,1,AES,Gold
2468.5002442598925,-0.006171684932832641,1,AES,Gold
2469.7117733268196,0.01084022417706442,1,AES,Gold
2470.923302393747,0.00816677141812944,1,AES,Gold
2472.134831460674,-0.005220602500906452,1,AES,Gold
2473.3463605276015,-0.007215796751717893,1,AES,Gold
2474.5578895945287,-0.005619621676157036,1,AES,Gold
2475.769418661456,0.002709977745788326,1,AES,Gold
2476.980947728383,0.0,1,AES,Gold
2478.19247679531,-0.0015002854552089067,1,AES,Gold
2479.404005862237,0.002292715141671816,1,AES,Gold
2480.6155349291644,0.0026482406791795824,1,AES,Gold
2481.827063996092,0.010224570483081282,1,AES,Gold
2483.038593063019,-0.00302898450229561,1,AES,Gold
2484.2501221299462,-0.012517285624753067,1,AES,Gold
2485.4616511968734,-0.001779923133875776,1,AES,Gold
2486.6731802638005,0.0,1,AES,Gold
2487.8847093307277,0.010006318104861817,1,AES,Gold
2489.096238397655,7.511741607409759e-15,1,AES,Gold
2490.3077674645824,-0.010006318104856183,1,AES,Gold
2491.5192965315096,0.0006910523117627575,1,AES,Gold
2492.7308255984367,0.0,1,AES,Gold
2493.942354665364,0.004393726559240815,1,AES,Gold
2495.153883732291,9.392065281219207e-07,1,AES,Gold
2496.365412799218,0.004921539233851658,1,AES,Gold
2497.5769418661457,-9.392065356331336e-07,1,AES,Gold
2498.788470933073,-0.009302403097660384,1,AES,Gold
2500.0,0.0014078300144028653,1,AES,Gold
